m,TagName,
"2008-07-01 00:00:00","c#","3"
"2008-08-01 00:00:00","assembly","8"
"2008-08-01 00:00:00","awk","2"
"2008-08-01 00:00:00","bash","21"
"2008-08-01 00:00:00","c","82"
"2008-08-01 00:00:00","c#","503"
"2008-08-01 00:00:00","c++","164"
"2008-08-01 00:00:00","curl","4"
"2008-08-01 00:00:00","delphi","13"
"2008-08-01 00:00:00","fortran","1"
"2008-08-01 00:00:00","groovy","5"
"2008-08-01 00:00:00","haskell","3"
"2008-08-01 00:00:00","java","220"
"2008-08-01 00:00:00","javascript","160"
"2008-08-01 00:00:00","matlab","2"
"2008-08-01 00:00:00","objective-c","20"
"2008-08-01 00:00:00","pascal","1"
"2008-08-01 00:00:00","perl","28"
"2008-08-01 00:00:00","php","157"
"2008-08-01 00:00:00","python","119"
"2008-08-01 00:00:00","ruby","68"
"2008-08-01 00:00:00","sql","143"
"2008-09-01 00:00:00","ada","3"
"2008-09-01 00:00:00","assembly","28"
"2008-09-01 00:00:00","awk","3"
"2008-09-01 00:00:00","bash","65"
"2008-09-01 00:00:00","basic","1"
"2008-09-01 00:00:00","c","320"
"2008-09-01 00:00:00","c#","1638"
"2008-09-01 00:00:00","c++","752"
"2008-09-01 00:00:00","clojure","3"
"2008-09-01 00:00:00","cobol","4"
"2008-09-01 00:00:00","curl","5"
"2008-09-01 00:00:00","delphi","104"
"2008-09-01 00:00:00","fortran","2"
"2008-09-01 00:00:00","groovy","15"
"2008-09-01 00:00:00","haskell","19"
"2008-09-01 00:00:00","java","1121"
"2008-09-01 00:00:00","javascript","629"
"2008-09-01 00:00:00","matlab","11"
"2008-09-01 00:00:00","objective-c","50"
"2008-09-01 00:00:00","perl","128"
"2008-09-01 00:00:00","php","472"
"2008-09-01 00:00:00","python","534"
"2008-09-01 00:00:00","r","6"
"2008-09-01 00:00:00","ruby","285"
"2008-09-01 00:00:00","scala","6"
"2008-09-01 00:00:00","sql","502"
"2008-10-01 00:00:00","ada","1"
"2008-10-01 00:00:00","assembly","16"
"2008-10-01 00:00:00","awk","3"
"2008-10-01 00:00:00","bash","58"
"2008-10-01 00:00:00","basic","1"
"2008-10-01 00:00:00","c","302"
"2008-10-01 00:00:00","c#","1982"
"2008-10-01 00:00:00","c++","804"
"2008-10-01 00:00:00","clojure","7"
"2008-10-01 00:00:00","cobol","3"
"2008-10-01 00:00:00","curl","11"
"2008-10-01 00:00:00","delphi","112"
"2008-10-01 00:00:00","fortran","3"
"2008-10-01 00:00:00","groovy","29"
"2008-10-01 00:00:00","haskell","9"
"2008-10-01 00:00:00","java","1142"
"2008-10-01 00:00:00","javascript","720"
"2008-10-01 00:00:00","matlab","21"
"2008-10-01 00:00:00","objective-c","90"
"2008-10-01 00:00:00","perl","128"
"2008-10-01 00:00:00","php","603"
"2008-10-01 00:00:00","prolog","2"
"2008-10-01 00:00:00","python","504"
"2008-10-01 00:00:00","ruby","246"
"2008-10-01 00:00:00","scala","7"
"2008-10-01 00:00:00","sql","534"
"2008-11-01 00:00:00","ada","3"
"2008-11-01 00:00:00","assembly","16"
"2008-11-01 00:00:00","awk","10"
"2008-11-01 00:00:00","bash","41"
"2008-11-01 00:00:00","c","258"
"2008-11-01 00:00:00","c#","1728"
"2008-11-01 00:00:00","c++","733"
"2008-11-01 00:00:00","clojure","8"
"2008-11-01 00:00:00","cobol","1"
"2008-11-01 00:00:00","curl","10"
"2008-11-01 00:00:00","delphi","139"
"2008-11-01 00:00:00","fortran","4"
"2008-11-01 00:00:00","groovy","19"
"2008-11-01 00:00:00","haskell","22"
"2008-11-01 00:00:00","java","951"
"2008-11-01 00:00:00","javascript","581"
"2008-11-01 00:00:00","matlab","11"
"2008-11-01 00:00:00","objective-c","106"
"2008-11-01 00:00:00","pascal","3"
"2008-11-01 00:00:00","perl","97"
"2008-11-01 00:00:00","php","497"
"2008-11-01 00:00:00","prolog","6"
"2008-11-01 00:00:00","python","447"
"2008-11-01 00:00:00","r","1"
"2008-11-01 00:00:00","ruby","154"
"2008-11-01 00:00:00","scala","5"
"2008-11-01 00:00:00","sql","413"
"2008-12-01 00:00:00","ada","1"
"2008-12-01 00:00:00","assembly","17"
"2008-12-01 00:00:00","awk","5"
"2008-12-01 00:00:00","bash","43"
"2008-12-01 00:00:00","c","188"
"2008-12-01 00:00:00","c#","1593"
"2008-12-01 00:00:00","c++","630"
"2008-12-01 00:00:00","clojure","6"
"2008-12-01 00:00:00","cobol","2"
"2008-12-01 00:00:00","curl","12"
"2008-12-01 00:00:00","delphi","133"
"2008-12-01 00:00:00","fortran","4"
"2008-12-01 00:00:00","groovy","21"
"2008-12-01 00:00:00","haskell","25"
"2008-12-01 00:00:00","java","824"
"2008-12-01 00:00:00","javascript","625"
"2008-12-01 00:00:00","matlab","13"
"2008-12-01 00:00:00","objective-c","123"
"2008-12-01 00:00:00","pascal","2"
"2008-12-01 00:00:00","perl","133"
"2008-12-01 00:00:00","php","473"
"2008-12-01 00:00:00","prolog","3"
"2008-12-01 00:00:00","python","437"
"2008-12-01 00:00:00","r","1"
"2008-12-01 00:00:00","ruby","159"
"2008-12-01 00:00:00","scala","3"
"2008-12-01 00:00:00","sql","423"
"2009-01-01 00:00:00","assembly","22"
"2009-01-01 00:00:00","awk","6"
"2009-01-01 00:00:00","bash","60"
"2009-01-01 00:00:00","basic","1"
"2009-01-01 00:00:00","c","317"
"2009-01-01 00:00:00","c#","2372"
"2009-01-01 00:00:00","c++","844"
"2009-01-01 00:00:00","clojure","7"
"2009-01-01 00:00:00","curl","13"
"2009-01-01 00:00:00","delphi","163"
"2009-01-01 00:00:00","fortran","3"
"2009-01-01 00:00:00","groovy","18"
"2009-01-01 00:00:00","haskell","22"
"2009-01-01 00:00:00","java","1141"
"2009-01-01 00:00:00","javascript","787"
"2009-01-01 00:00:00","matlab","19"
"2009-01-01 00:00:00","objective-c","143"
"2009-01-01 00:00:00","pascal","5"
"2009-01-01 00:00:00","perl","146"
"2009-01-01 00:00:00","php","625"
"2009-01-01 00:00:00","prolog","2"
"2009-01-01 00:00:00","python","630"
"2009-01-01 00:00:00","r","8"
"2009-01-01 00:00:00","ruby","205"
"2009-01-01 00:00:00","scala","12"
"2009-01-01 00:00:00","sql","584"
"2009-02-01 00:00:00","ada","1"
"2009-02-01 00:00:00","assembly","36"
"2009-02-01 00:00:00","awk","11"
"2009-02-01 00:00:00","bash","78"
"2009-02-01 00:00:00","basic","1"
"2009-02-01 00:00:00","c","332"
"2009-02-01 00:00:00","c#","2595"
"2009-02-01 00:00:00","c++","841"
"2009-02-01 00:00:00","clojure","8"
"2009-02-01 00:00:00","cobol","5"
"2009-02-01 00:00:00","curl","18"
"2009-02-01 00:00:00","delphi","165"
"2009-02-01 00:00:00","fortran","5"
"2009-02-01 00:00:00","groovy","20"
"2009-02-01 00:00:00","haskell","9"
"2009-02-01 00:00:00","java","1200"
"2009-02-01 00:00:00","javascript","944"
"2009-02-01 00:00:00","matlab","27"
"2009-02-01 00:00:00","objective-c","210"
"2009-02-01 00:00:00","pascal","2"
"2009-02-01 00:00:00","perl","163"
"2009-02-01 00:00:00","php","751"
"2009-02-01 00:00:00","prolog","1"
"2009-02-01 00:00:00","python","629"
"2009-02-01 00:00:00","r","8"
"2009-02-01 00:00:00","ruby","286"
"2009-02-01 00:00:00","scala","12"
"2009-02-01 00:00:00","sql","671"
"2009-03-01 00:00:00","ada","5"
"2009-03-01 00:00:00","assembly","24"
"2009-03-01 00:00:00","awk","19"
"2009-03-01 00:00:00","bash","100"
"2009-03-01 00:00:00","c","429"
"2009-03-01 00:00:00","c#","3155"
"2009-03-01 00:00:00","c++","1043"
"2009-03-01 00:00:00","clojure","11"
"2009-03-01 00:00:00","cobol","10"
"2009-03-01 00:00:00","curl","13"
"2009-03-01 00:00:00","delphi","161"
"2009-03-01 00:00:00","fortran","8"
"2009-03-01 00:00:00","groovy","30"
"2009-03-01 00:00:00","haskell","18"
"2009-03-01 00:00:00","java","1424"
"2009-03-01 00:00:00","javascript","1006"
"2009-03-01 00:00:00","matlab","23"
"2009-03-01 00:00:00","objective-c","291"
"2009-03-01 00:00:00","pascal","5"
"2009-03-01 00:00:00","perl","136"
"2009-03-01 00:00:00","php","890"
"2009-03-01 00:00:00","prolog","7"
"2009-03-01 00:00:00","python","764"
"2009-03-01 00:00:00","r","4"
"2009-03-01 00:00:00","ruby","329"
"2009-03-01 00:00:00","scala","17"
"2009-03-01 00:00:00","sql","658"
"2009-04-01 00:00:00","ada","2"
"2009-04-01 00:00:00","assembly","50"
"2009-04-01 00:00:00","awk","14"
"2009-04-01 00:00:00","bash","67"
"2009-04-01 00:00:00","c","454"
"2009-04-01 00:00:00","c#","3302"
"2009-04-01 00:00:00","c++","1016"
"2009-04-01 00:00:00","clojure","5"
"2009-04-01 00:00:00","cobol","10"
"2009-04-01 00:00:00","curl","20"
"2009-04-01 00:00:00","delphi","185"
"2009-04-01 00:00:00","fortran","8"
"2009-04-01 00:00:00","groovy","30"
"2009-04-01 00:00:00","haskell","27"
"2009-04-01 00:00:00","java","1526"
"2009-04-01 00:00:00","javascript","1042"
"2009-04-01 00:00:00","matlab","32"
"2009-04-01 00:00:00","objective-c","356"
"2009-04-01 00:00:00","pascal","3"
"2009-04-01 00:00:00","perl","161"
"2009-04-01 00:00:00","php","946"
"2009-04-01 00:00:00","prolog","9"
"2009-04-01 00:00:00","python","768"
"2009-04-01 00:00:00","r","12"
"2009-04-01 00:00:00","ruby","356"
"2009-04-01 00:00:00","scala","27"
"2009-04-01 00:00:00","sql","751"
"2009-05-01 00:00:00","ada","1"
"2009-05-01 00:00:00","assembly","46"
"2009-05-01 00:00:00","awk","10"
"2009-05-01 00:00:00","bash","99"
"2009-05-01 00:00:00","c","478"
"2009-05-01 00:00:00","c#","3546"
"2009-05-01 00:00:00","c++","1211"
"2009-05-01 00:00:00","clojure","5"
"2009-05-01 00:00:00","cobol","5"
"2009-05-01 00:00:00","curl","24"
"2009-05-01 00:00:00","delphi","202"
"2009-05-01 00:00:00","fortran","14"
"2009-05-01 00:00:00","groovy","33"
"2009-05-01 00:00:00","haskell","47"
"2009-05-01 00:00:00","java","1810"
"2009-05-01 00:00:00","javascript","1427"
"2009-05-01 00:00:00","matlab","42"
"2009-05-01 00:00:00","objective-c","500"
"2009-05-01 00:00:00","pascal","5"
"2009-05-01 00:00:00","perl","196"
"2009-05-01 00:00:00","php","1164"
"2009-05-01 00:00:00","prolog","4"
"2009-05-01 00:00:00","python","995"
"2009-05-01 00:00:00","r","2"
"2009-05-01 00:00:00","ruby","400"
"2009-05-01 00:00:00","scala","12"
"2009-05-01 00:00:00","sql","843"
"2009-06-01 00:00:00","ada","2"
"2009-06-01 00:00:00","assembly","47"
"2009-06-01 00:00:00","awk","14"
"2009-06-01 00:00:00","bash","109"
"2009-06-01 00:00:00","basic","1"
"2009-06-01 00:00:00","c","499"
"2009-06-01 00:00:00","c#","3872"
"2009-06-01 00:00:00","c++","1248"
"2009-06-01 00:00:00","clojure","25"
"2009-06-01 00:00:00","cobol","6"
"2009-06-01 00:00:00","coffeescript","1"
"2009-06-01 00:00:00","curl","23"
"2009-06-01 00:00:00","delphi","221"
"2009-06-01 00:00:00","fortran","18"
"2009-06-01 00:00:00","groovy","44"
"2009-06-01 00:00:00","haskell","44"
"2009-06-01 00:00:00","java","2108"
"2009-06-01 00:00:00","javascript","1547"
"2009-06-01 00:00:00","matlab","43"
"2009-06-01 00:00:00","objective-c","490"
"2009-06-01 00:00:00","pascal","1"
"2009-06-01 00:00:00","perl","246"
"2009-06-01 00:00:00","php","1565"
"2009-06-01 00:00:00","prolog","3"
"2009-06-01 00:00:00","python","1040"
"2009-06-01 00:00:00","r","5"
"2009-06-01 00:00:00","ruby","431"
"2009-06-01 00:00:00","scala","63"
"2009-06-01 00:00:00","sql","922"
"2009-06-01 00:00:00","typescript","1"
"2009-07-01 00:00:00","ada","2"
"2009-07-01 00:00:00","assembly","32"
"2009-07-01 00:00:00","awk","10"
"2009-07-01 00:00:00","bash","111"
"2009-07-01 00:00:00","c","537"
"2009-07-01 00:00:00","c#","4400"
"2009-07-01 00:00:00","c++","1464"
"2009-07-01 00:00:00","clojure","55"
"2009-07-01 00:00:00","curl","29"
"2009-07-01 00:00:00","delphi","269"
"2009-07-01 00:00:00","fortran","14"
"2009-07-01 00:00:00","groovy","36"
"2009-07-01 00:00:00","haskell","33"
"2009-07-01 00:00:00","java","2250"
"2009-07-01 00:00:00","javascript","1753"
"2009-07-01 00:00:00","matlab","39"
"2009-07-01 00:00:00","objective-c","678"
"2009-07-01 00:00:00","pascal","4"
"2009-07-01 00:00:00","perl","256"
"2009-07-01 00:00:00","php","1999"
"2009-07-01 00:00:00","prolog","4"
"2009-07-01 00:00:00","python","1157"
"2009-07-01 00:00:00","r","49"
"2009-07-01 00:00:00","ruby","498"
"2009-07-01 00:00:00","scala","59"
"2009-07-01 00:00:00","sql","1084"
"2009-08-01 00:00:00","ada","1"
"2009-08-01 00:00:00","assembly","48"
"2009-08-01 00:00:00","awk","17"
"2009-08-01 00:00:00","bash","113"
"2009-08-01 00:00:00","basic","1"
"2009-08-01 00:00:00","c","529"
"2009-08-01 00:00:00","c#","4440"
"2009-08-01 00:00:00","c++","1396"
"2009-08-01 00:00:00","clojure","29"
"2009-08-01 00:00:00","cobol","4"
"2009-08-01 00:00:00","curl","37"
"2009-08-01 00:00:00","delphi","246"
"2009-08-01 00:00:00","fortran","13"
"2009-08-01 00:00:00","groovy","52"
"2009-08-01 00:00:00","haskell","48"
"2009-08-01 00:00:00","java","2183"
"2009-08-01 00:00:00","javascript","1855"
"2009-08-01 00:00:00","matlab","34"
"2009-08-01 00:00:00","objective-c","697"
"2009-08-01 00:00:00","perl","248"
"2009-08-01 00:00:00","php","2167"
"2009-08-01 00:00:00","prolog","5"
"2009-08-01 00:00:00","python","1131"
"2009-08-01 00:00:00","r","47"
"2009-08-01 00:00:00","ruby","484"
"2009-08-01 00:00:00","scala","72"
"2009-08-01 00:00:00","sql","1030"
"2009-09-01 00:00:00","ada","3"
"2009-09-01 00:00:00","assembly","62"
"2009-09-01 00:00:00","awk","19"
"2009-09-01 00:00:00","bash","117"
"2009-09-01 00:00:00","c","572"
"2009-09-01 00:00:00","c#","4347"
"2009-09-01 00:00:00","c++","1461"
"2009-09-01 00:00:00","clojure","29"
"2009-09-01 00:00:00","cobol","6"
"2009-09-01 00:00:00","curl","46"
"2009-09-01 00:00:00","delphi","251"
"2009-09-01 00:00:00","fortran","6"
"2009-09-01 00:00:00","groovy","57"
"2009-09-01 00:00:00","haskell","48"
"2009-09-01 00:00:00","java","2256"
"2009-09-01 00:00:00","javascript","1755"
"2009-09-01 00:00:00","matlab","51"
"2009-09-01 00:00:00","objective-c","694"
"2009-09-01 00:00:00","pascal","5"
"2009-09-01 00:00:00","perl","247"
"2009-09-01 00:00:00","php","2240"
"2009-09-01 00:00:00","prolog","12"
"2009-09-01 00:00:00","python","1167"
"2009-09-01 00:00:00","r","138"
"2009-09-01 00:00:00","ruby","477"
"2009-09-01 00:00:00","scala","63"
"2009-09-01 00:00:00","sql","1352"
"2009-10-01 00:00:00","ada","4"
"2009-10-01 00:00:00","assembly","73"
"2009-10-01 00:00:00","awk","44"
"2009-10-01 00:00:00","bash","154"
"2009-10-01 00:00:00","basic","1"
"2009-10-01 00:00:00","c","770"
"2009-10-01 00:00:00","c#","4718"
"2009-10-01 00:00:00","c++","1682"
"2009-10-01 00:00:00","clojure","59"
"2009-10-01 00:00:00","cobol","3"
"2009-10-01 00:00:00","curl","41"
"2009-10-01 00:00:00","delphi","254"
"2009-10-01 00:00:00","fortran","15"
"2009-10-01 00:00:00","groovy","53"
"2009-10-01 00:00:00","haskell","54"
"2009-10-01 00:00:00","java","2498"
"2009-10-01 00:00:00","javascript","2044"
"2009-10-01 00:00:00","matlab","70"
"2009-10-01 00:00:00","objective-c","748"
"2009-10-01 00:00:00","pascal","3"
"2009-10-01 00:00:00","perl","281"
"2009-10-01 00:00:00","php","2337"
"2009-10-01 00:00:00","prolog","16"
"2009-10-01 00:00:00","python","1414"
"2009-10-01 00:00:00","r","73"
"2009-10-01 00:00:00","ruby","491"
"2009-10-01 00:00:00","scala","100"
"2009-10-01 00:00:00","sql","1477"
"2009-11-01 00:00:00","ada","5"
"2009-11-01 00:00:00","assembly","82"
"2009-11-01 00:00:00","awk","12"
"2009-11-01 00:00:00","bash","127"
"2009-11-01 00:00:00","basic","1"
"2009-11-01 00:00:00","c","958"
"2009-11-01 00:00:00","c#","4674"
"2009-11-01 00:00:00","c++","1744"
"2009-11-01 00:00:00","clojure","46"
"2009-11-01 00:00:00","cobol","6"
"2009-11-01 00:00:00","curl","50"
"2009-11-01 00:00:00","delphi","273"
"2009-11-01 00:00:00","fortran","8"
"2009-11-01 00:00:00","go","65"
"2009-11-01 00:00:00","groovy","36"
"2009-11-01 00:00:00","haskell","82"
"2009-11-01 00:00:00","java","2753"
"2009-11-01 00:00:00","javascript","2232"
"2009-11-01 00:00:00","matlab","116"
"2009-11-01 00:00:00","objective-c","758"
"2009-11-01 00:00:00","pascal","11"
"2009-11-01 00:00:00","perl","322"
"2009-11-01 00:00:00","php","2664"
"2009-11-01 00:00:00","prolog","31"
"2009-11-01 00:00:00","python","1549"
"2009-11-01 00:00:00","r","93"
"2009-11-01 00:00:00","ruby","654"
"2009-11-01 00:00:00","scala","95"
"2009-11-01 00:00:00","sql","1216"
"2009-12-01 00:00:00","ada","2"
"2009-12-01 00:00:00","assembly","62"
"2009-12-01 00:00:00","awk","20"
"2009-12-01 00:00:00","bash","120"
"2009-12-01 00:00:00","basic","1"
"2009-12-01 00:00:00","c","848"
"2009-12-01 00:00:00","c#","4482"
"2009-12-01 00:00:00","c++","1651"
"2009-12-01 00:00:00","clojure","38"
"2009-12-01 00:00:00","cobol","3"
"2009-12-01 00:00:00","curl","59"
"2009-12-01 00:00:00","delphi","281"
"2009-12-01 00:00:00","fortran","13"
"2009-12-01 00:00:00","go","11"
"2009-12-01 00:00:00","groovy","50"
"2009-12-01 00:00:00","haskell","74"
"2009-12-01 00:00:00","java","2676"
"2009-12-01 00:00:00","javascript","2300"
"2009-12-01 00:00:00","matlab","101"
"2009-12-01 00:00:00","objective-c","782"
"2009-12-01 00:00:00","pascal","3"
"2009-12-01 00:00:00","perl","261"
"2009-12-01 00:00:00","php","2788"
"2009-12-01 00:00:00","prolog","36"
"2009-12-01 00:00:00","python","1583"
"2009-12-01 00:00:00","r","80"
"2009-12-01 00:00:00","ruby","570"
"2009-12-01 00:00:00","scala","84"
"2009-12-01 00:00:00","sql","1188"
"2010-01-01 00:00:00","ada","4"
"2010-01-01 00:00:00","assembly","100"
"2010-01-01 00:00:00","awk","41"
"2010-01-01 00:00:00","bash","160"
"2010-01-01 00:00:00","basic","4"
"2010-01-01 00:00:00","c","977"
"2010-01-01 00:00:00","c#","5107"
"2010-01-01 00:00:00","c++","1995"
"2010-01-01 00:00:00","clojure","37"
"2010-01-01 00:00:00","cobol","9"
"2010-01-01 00:00:00","curl","76"
"2010-01-01 00:00:00","delphi","302"
"2010-01-01 00:00:00","fortran","11"
"2010-01-01 00:00:00","go","15"
"2010-01-01 00:00:00","groovy","62"
"2010-01-01 00:00:00","haskell","61"
"2010-01-01 00:00:00","java","3715"
"2010-01-01 00:00:00","javascript","2619"
"2010-01-01 00:00:00","matlab","92"
"2010-01-01 00:00:00","objective-c","990"
"2010-01-01 00:00:00","pascal","7"
"2010-01-01 00:00:00","perl","299"
"2010-01-01 00:00:00","php","3405"
"2010-01-01 00:00:00","prolog","20"
"2010-01-01 00:00:00","python","1933"
"2010-01-01 00:00:00","r","94"
"2010-01-01 00:00:00","ruby","682"
"2010-01-01 00:00:00","scala","105"
"2010-01-01 00:00:00","sql","1251"
"2010-02-01 00:00:00","ada","7"
"2010-02-01 00:00:00","assembly","69"
"2010-02-01 00:00:00","awk","30"
"2010-02-01 00:00:00","bash","151"
"2010-02-01 00:00:00","basic","1"
"2010-02-01 00:00:00","c","1034"
"2010-02-01 00:00:00","c#","5088"
"2010-02-01 00:00:00","c++","2275"
"2010-02-01 00:00:00","clojure","40"
"2010-02-01 00:00:00","cobol","7"
"2010-02-01 00:00:00","curl","45"
"2010-02-01 00:00:00","delphi","283"
"2010-02-01 00:00:00","fortran","13"
"2010-02-01 00:00:00","go","7"
"2010-02-01 00:00:00","groovy","59"
"2010-02-01 00:00:00","haskell","91"
"2010-02-01 00:00:00","java","3570"
"2010-02-01 00:00:00","javascript","2636"
"2010-02-01 00:00:00","matlab","111"
"2010-02-01 00:00:00","objective-c","1008"
"2010-02-01 00:00:00","pascal","8"
"2010-02-01 00:00:00","perl","347"
"2010-02-01 00:00:00","php","3136"
"2010-02-01 00:00:00","prolog","23"
"2010-02-01 00:00:00","python","1860"
"2010-02-01 00:00:00","r","122"
"2010-02-01 00:00:00","ruby","688"
"2010-02-01 00:00:00","scala","115"
"2010-02-01 00:00:00","sql","1286"
"2010-03-01 00:00:00","ada","10"
"2010-03-01 00:00:00","assembly","123"
"2010-03-01 00:00:00","awk","28"
"2010-03-01 00:00:00","bash","222"
"2010-03-01 00:00:00","basic","4"
"2010-03-01 00:00:00","c","1112"
"2010-03-01 00:00:00","c#","6020"
"2010-03-01 00:00:00","c++","2428"
"2010-03-01 00:00:00","clojure","40"
"2010-03-01 00:00:00","cobol","6"
"2010-03-01 00:00:00","curl","58"
"2010-03-01 00:00:00","delphi","315"
"2010-03-01 00:00:00","fortran","19"
"2010-03-01 00:00:00","go","8"
"2010-03-01 00:00:00","groovy","64"
"2010-03-01 00:00:00","haskell","92"
"2010-03-01 00:00:00","java","4436"
"2010-03-01 00:00:00","javascript","2986"
"2010-03-01 00:00:00","matlab","122"
"2010-03-01 00:00:00","objective-c","1130"
"2010-03-01 00:00:00","pascal","6"
"2010-03-01 00:00:00","perl","390"
"2010-03-01 00:00:00","php","3706"
"2010-03-01 00:00:00","prolog","26"
"2010-03-01 00:00:00","python","2069"
"2010-03-01 00:00:00","r","139"
"2010-03-01 00:00:00","ruby","692"
"2010-03-01 00:00:00","scala","116"
"2010-03-01 00:00:00","sql","1462"
"2010-04-01 00:00:00","ada","11"
"2010-04-01 00:00:00","assembly","124"
"2010-04-01 00:00:00","awk","46"
"2010-04-01 00:00:00","bash","206"
"2010-04-01 00:00:00","c","1179"
"2010-04-01 00:00:00","c#","5767"
"2010-04-01 00:00:00","c++","2486"
"2010-04-01 00:00:00","clojure","45"
"2010-04-01 00:00:00","cobol","5"
"2010-04-01 00:00:00","curl","107"
"2010-04-01 00:00:00","delphi","268"
"2010-04-01 00:00:00","fortran","13"
"2010-04-01 00:00:00","go","10"
"2010-04-01 00:00:00","groovy","70"
"2010-04-01 00:00:00","haskell","82"
"2010-04-01 00:00:00","java","3869"
"2010-04-01 00:00:00","javascript","3011"
"2010-04-01 00:00:00","matlab","184"
"2010-04-01 00:00:00","objective-c","1156"
"2010-04-01 00:00:00","pascal","7"
"2010-04-01 00:00:00","perl","363"
"2010-04-01 00:00:00","php","3626"
"2010-04-01 00:00:00","prolog","22"
"2010-04-01 00:00:00","python","1805"
"2010-04-01 00:00:00","r","160"
"2010-04-01 00:00:00","ruby","752"
"2010-04-01 00:00:00","scala","163"
"2010-04-01 00:00:00","sql","1321"
"2010-05-01 00:00:00","ada","4"
"2010-05-01 00:00:00","assembly","108"
"2010-05-01 00:00:00","awk","17"
"2010-05-01 00:00:00","bash","184"
"2010-05-01 00:00:00","basic","1"
"2010-05-01 00:00:00","c","1178"
"2010-05-01 00:00:00","c#","5922"
"2010-05-01 00:00:00","c++","2414"
"2010-05-01 00:00:00","clojure","67"
"2010-05-01 00:00:00","cobol","1"
"2010-05-01 00:00:00","coffeescript","1"
"2010-05-01 00:00:00","curl","71"
"2010-05-01 00:00:00","delphi","280"
"2010-05-01 00:00:00","fortran","18"
"2010-05-01 00:00:00","go","17"
"2010-05-01 00:00:00","groovy","79"
"2010-05-01 00:00:00","haskell","117"
"2010-05-01 00:00:00","java","4160"
"2010-05-01 00:00:00","javascript","3231"
"2010-05-01 00:00:00","matlab","206"
"2010-05-01 00:00:00","objective-c","1305"
"2010-05-01 00:00:00","pascal","7"
"2010-05-01 00:00:00","perl","286"
"2010-05-01 00:00:00","php","3948"
"2010-05-01 00:00:00","prolog","17"
"2010-05-01 00:00:00","python","2008"
"2010-05-01 00:00:00","r","139"
"2010-05-01 00:00:00","ruby","775"
"2010-05-01 00:00:00","scala","167"
"2010-05-01 00:00:00","sql","1445"
"2010-06-01 00:00:00","ada","4"
"2010-06-01 00:00:00","assembly","90"
"2010-06-01 00:00:00","awk","36"
"2010-06-01 00:00:00","bash","196"
"2010-06-01 00:00:00","c","1150"
"2010-06-01 00:00:00","c#","6133"
"2010-06-01 00:00:00","c++","2818"
"2010-06-01 00:00:00","clojure","77"
"2010-06-01 00:00:00","cobol","3"
"2010-06-01 00:00:00","coffeescript","2"
"2010-06-01 00:00:00","curl","86"
"2010-06-01 00:00:00","delphi","329"
"2010-06-01 00:00:00","fortran","13"
"2010-06-01 00:00:00","go","15"
"2010-06-01 00:00:00","groovy","92"
"2010-06-01 00:00:00","haskell","108"
"2010-06-01 00:00:00","java","4271"
"2010-06-01 00:00:00","javascript","3472"
"2010-06-01 00:00:00","matlab","146"
"2010-06-01 00:00:00","objective-c","1433"
"2010-06-01 00:00:00","pascal","12"
"2010-06-01 00:00:00","perl","409"
"2010-06-01 00:00:00","php","4063"
"2010-06-01 00:00:00","prolog","20"
"2010-06-01 00:00:00","python","2202"
"2010-06-01 00:00:00","r","176"
"2010-06-01 00:00:00","ruby","850"
"2010-06-01 00:00:00","scala","173"
"2010-06-01 00:00:00","sql","1622"
"2010-07-01 00:00:00","ada","19"
"2010-07-01 00:00:00","assembly","97"
"2010-07-01 00:00:00","awk","35"
"2010-07-01 00:00:00","bash","194"
"2010-07-01 00:00:00","basic","3"
"2010-07-01 00:00:00","c","1282"
"2010-07-01 00:00:00","c#","6672"
"2010-07-01 00:00:00","c++","2672"
"2010-07-01 00:00:00","clojure","95"
"2010-07-01 00:00:00","cobol","10"
"2010-07-01 00:00:00","coffeescript","1"
"2010-07-01 00:00:00","curl","97"
"2010-07-01 00:00:00","delphi","333"
"2010-07-01 00:00:00","fortran","23"
"2010-07-01 00:00:00","go","8"
"2010-07-01 00:00:00","groovy","56"
"2010-07-01 00:00:00","haskell","126"
"2010-07-01 00:00:00","java","4499"
"2010-07-01 00:00:00","javascript","3876"
"2010-07-01 00:00:00","matlab","151"
"2010-07-01 00:00:00","objective-c","1931"
"2010-07-01 00:00:00","pascal","7"
"2010-07-01 00:00:00","perl","435"
"2010-07-01 00:00:00","php","4570"
"2010-07-01 00:00:00","prolog","22"
"2010-07-01 00:00:00","python","2579"
"2010-07-01 00:00:00","r","233"
"2010-07-01 00:00:00","ruby","909"
"2010-07-01 00:00:00","rust","1"
"2010-07-01 00:00:00","scala","185"
"2010-07-01 00:00:00","sql","1824"
"2010-08-01 00:00:00","ada","4"
"2010-08-01 00:00:00","assembly","86"
"2010-08-01 00:00:00","awk","50"
"2010-08-01 00:00:00","bash","230"
"2010-08-01 00:00:00","basic","2"
"2010-08-01 00:00:00","c","1364"
"2010-08-01 00:00:00","c#","6953"
"2010-08-01 00:00:00","c++","2625"
"2010-08-01 00:00:00","clojure","100"
"2010-08-01 00:00:00","cobol","4"
"2010-08-01 00:00:00","coffeescript","1"
"2010-08-01 00:00:00","curl","98"
"2010-08-01 00:00:00","delphi","353"
"2010-08-01 00:00:00","fortran","23"
"2010-08-01 00:00:00","go","13"
"2010-08-01 00:00:00","groovy","59"
"2010-08-01 00:00:00","haskell","98"
"2010-08-01 00:00:00","java","4693"
"2010-08-01 00:00:00","javascript","3995"
"2010-08-01 00:00:00","matlab","140"
"2010-08-01 00:00:00","objective-c","1871"
"2010-08-01 00:00:00","pascal","5"
"2010-08-01 00:00:00","perl","544"
"2010-08-01 00:00:00","php","5096"
"2010-08-01 00:00:00","prolog","10"
"2010-08-01 00:00:00","python","2489"
"2010-08-01 00:00:00","r","283"
"2010-08-01 00:00:00","ruby","990"
"2010-08-01 00:00:00","scala","170"
"2010-08-01 00:00:00","sql","1912"
"2010-09-01 00:00:00","ada","6"
"2010-09-01 00:00:00","assembly","117"
"2010-09-01 00:00:00","awk","50"
"2010-09-01 00:00:00","bash","272"
"2010-09-01 00:00:00","basic","1"
"2010-09-01 00:00:00","c","1369"
"2010-09-01 00:00:00","c#","6401"
"2010-09-01 00:00:00","c++","2725"
"2010-09-01 00:00:00","clojure","90"
"2010-09-01 00:00:00","cobol","5"
"2010-09-01 00:00:00","coffeescript","1"
"2010-09-01 00:00:00","curl","97"
"2010-09-01 00:00:00","delphi","318"
"2010-09-01 00:00:00","fortran","20"
"2010-09-01 00:00:00","go","9"
"2010-09-01 00:00:00","groovy","96"
"2010-09-01 00:00:00","haskell","111"
"2010-09-01 00:00:00","java","4697"
"2010-09-01 00:00:00","javascript","3991"
"2010-09-01 00:00:00","matlab","163"
"2010-09-01 00:00:00","objective-c","1653"
"2010-09-01 00:00:00","pascal","12"
"2010-09-01 00:00:00","perl","459"
"2010-09-01 00:00:00","php","4660"
"2010-09-01 00:00:00","prolog","14"
"2010-09-01 00:00:00","python","2245"
"2010-09-01 00:00:00","r","235"
"2010-09-01 00:00:00","ruby","935"
"2010-09-01 00:00:00","scala","225"
"2010-09-01 00:00:00","sql","1742"
"2010-10-01 00:00:00","ada","9"
"2010-10-01 00:00:00","assembly","123"
"2010-10-01 00:00:00","awk","37"
"2010-10-01 00:00:00","bash","253"
"2010-10-01 00:00:00","basic","1"
"2010-10-01 00:00:00","c","1438"
"2010-10-01 00:00:00","c#","6720"
"2010-10-01 00:00:00","c++","2927"
"2010-10-01 00:00:00","clojure","77"
"2010-10-01 00:00:00","cobol","2"
"2010-10-01 00:00:00","coffeescript","2"
"2010-10-01 00:00:00","curl","121"
"2010-10-01 00:00:00","delphi","361"
"2010-10-01 00:00:00","fortran","24"
"2010-10-01 00:00:00","go","13"
"2010-10-01 00:00:00","groovy","101"
"2010-10-01 00:00:00","haskell","146"
"2010-10-01 00:00:00","java","5010"
"2010-10-01 00:00:00","javascript","4100"
"2010-10-01 00:00:00","kotlin","2"
"2010-10-01 00:00:00","matlab","161"
"2010-10-01 00:00:00","objective-c","1736"
"2010-10-01 00:00:00","pascal","10"
"2010-10-01 00:00:00","perl","496"
"2010-10-01 00:00:00","php","4474"
"2010-10-01 00:00:00","prolog","42"
"2010-10-01 00:00:00","python","2667"
"2010-10-01 00:00:00","r","214"
"2010-10-01 00:00:00","ruby","924"
"2010-10-01 00:00:00","scala","218"
"2010-10-01 00:00:00","sql","1846"
"2010-11-01 00:00:00","ada","6"
"2010-11-01 00:00:00","assembly","164"
"2010-11-01 00:00:00","awk","45"
"2010-11-01 00:00:00","bash","308"
"2010-11-01 00:00:00","basic","3"
"2010-11-01 00:00:00","c","1673"
"2010-11-01 00:00:00","c#","7300"
"2010-11-01 00:00:00","c++","3363"
"2010-11-01 00:00:00","clojure","85"
"2010-11-01 00:00:00","cobol","5"
"2010-11-01 00:00:00","coffeescript","11"
"2010-11-01 00:00:00","curl","123"
"2010-11-01 00:00:00","delphi","389"
"2010-11-01 00:00:00","fortran","20"
"2010-11-01 00:00:00","go","16"
"2010-11-01 00:00:00","groovy","82"
"2010-11-01 00:00:00","haskell","156"
"2010-11-01 00:00:00","java","5578"
"2010-11-01 00:00:00","javascript","4539"
"2010-11-01 00:00:00","kotlin","1"
"2010-11-01 00:00:00","matlab","156"
"2010-11-01 00:00:00","objective-c","1827"
"2010-11-01 00:00:00","pascal","13"
"2010-11-01 00:00:00","perl","464"
"2010-11-01 00:00:00","php","5077"
"2010-11-01 00:00:00","prolog","72"
"2010-11-01 00:00:00","python","2598"
"2010-11-01 00:00:00","r","241"
"2010-11-01 00:00:00","ruby","926"
"2010-11-01 00:00:00","scala","211"
"2010-11-01 00:00:00","sql","1971"
"2010-12-01 00:00:00","ada","8"
"2010-12-01 00:00:00","assembly","125"
"2010-12-01 00:00:00","awk","54"
"2010-12-01 00:00:00","bash","295"
"2010-12-01 00:00:00","basic","2"
"2010-12-01 00:00:00","c","1464"
"2010-12-01 00:00:00","c#","7091"
"2010-12-01 00:00:00","c++","3126"
"2010-12-01 00:00:00","clojure","93"
"2010-12-01 00:00:00","cobol","11"
"2010-12-01 00:00:00","coffeescript","4"
"2010-12-01 00:00:00","curl","119"
"2010-12-01 00:00:00","delphi","321"
"2010-12-01 00:00:00","fortran","27"
"2010-12-01 00:00:00","go","18"
"2010-12-01 00:00:00","groovy","68"
"2010-12-01 00:00:00","haskell","154"
"2010-12-01 00:00:00","java","5658"
"2010-12-01 00:00:00","javascript","4947"
"2010-12-01 00:00:00","kotlin","1"
"2010-12-01 00:00:00","matlab","179"
"2010-12-01 00:00:00","objective-c","1829"
"2010-12-01 00:00:00","pascal","19"
"2010-12-01 00:00:00","perl","500"
"2010-12-01 00:00:00","php","5337"
"2010-12-01 00:00:00","prolog","51"
"2010-12-01 00:00:00","python","2471"
"2010-12-01 00:00:00","r","223"
"2010-12-01 00:00:00","ruby","1020"
"2010-12-01 00:00:00","scala","225"
"2010-12-01 00:00:00","sql","1894"
"2011-01-01 00:00:00","ada","9"
"2011-01-01 00:00:00","assembly","133"
"2011-01-01 00:00:00","awk","46"
"2011-01-01 00:00:00","bash","319"
"2011-01-01 00:00:00","c","1458"
"2011-01-01 00:00:00","c#","7971"
"2011-01-01 00:00:00","c++","3481"
"2011-01-01 00:00:00","clojure","105"
"2011-01-01 00:00:00","cobol","9"
"2011-01-01 00:00:00","coffeescript","15"
"2011-01-01 00:00:00","curl","154"
"2011-01-01 00:00:00","delphi","368"
"2011-01-01 00:00:00","fortran","32"
"2011-01-01 00:00:00","go","15"
"2011-01-01 00:00:00","groovy","97"
"2011-01-01 00:00:00","haskell","134"
"2011-01-01 00:00:00","java","6520"
"2011-01-01 00:00:00","javascript","5412"
"2011-01-01 00:00:00","matlab","177"
"2011-01-01 00:00:00","objective-c","2175"
"2011-01-01 00:00:00","pascal","20"
"2011-01-01 00:00:00","perl","473"
"2011-01-01 00:00:00","php","6366"
"2011-01-01 00:00:00","prolog","61"
"2011-01-01 00:00:00","python","2895"
"2011-01-01 00:00:00","r","249"
"2011-01-01 00:00:00","ruby","1201"
"2011-01-01 00:00:00","scala","250"
"2011-01-01 00:00:00","sql","2338"
"2011-02-01 00:00:00","ada","6"
"2011-02-01 00:00:00","assembly","147"
"2011-02-01 00:00:00","awk","42"
"2011-02-01 00:00:00","bash","304"
"2011-02-01 00:00:00","basic","3"
"2011-02-01 00:00:00","c","1631"
"2011-02-01 00:00:00","c#","8196"
"2011-02-01 00:00:00","c++","3432"
"2011-02-01 00:00:00","clojure","94"
"2011-02-01 00:00:00","cobol","12"
"2011-02-01 00:00:00","coffeescript","16"
"2011-02-01 00:00:00","curl","161"
"2011-02-01 00:00:00","delphi","358"
"2011-02-01 00:00:00","fortran","29"
"2011-02-01 00:00:00","go","16"
"2011-02-01 00:00:00","groovy","123"
"2011-02-01 00:00:00","haskell","168"
"2011-02-01 00:00:00","java","6846"
"2011-02-01 00:00:00","javascript","5590"
"2011-02-01 00:00:00","matlab","287"
"2011-02-01 00:00:00","objective-c","2427"
"2011-02-01 00:00:00","pascal","15"
"2011-02-01 00:00:00","perl","481"
"2011-02-01 00:00:00","php","6661"
"2011-02-01 00:00:00","prolog","44"
"2011-02-01 00:00:00","python","3002"
"2011-02-01 00:00:00","r","322"
"2011-02-01 00:00:00","ruby","1247"
"2011-02-01 00:00:00","scala","273"
"2011-02-01 00:00:00","sql","2113"
"2011-03-01 00:00:00","ada","3"
"2011-03-01 00:00:00","assembly","193"
"2011-03-01 00:00:00","awk","76"
"2011-03-01 00:00:00","bash","371"
"2011-03-01 00:00:00","basic","1"
"2011-03-01 00:00:00","c","2109"
"2011-03-01 00:00:00","c#","9962"
"2011-03-01 00:00:00","c++","4164"
"2011-03-01 00:00:00","clojure","101"
"2011-03-01 00:00:00","cobol","7"
"2011-03-01 00:00:00","coffeescript","16"
"2011-03-01 00:00:00","curl","155"
"2011-03-01 00:00:00","delphi","515"
"2011-03-01 00:00:00","fortran","34"
"2011-03-01 00:00:00","go","3"
"2011-03-01 00:00:00","groovy","159"
"2011-03-01 00:00:00","haskell","238"
"2011-03-01 00:00:00","java","8445"
"2011-03-01 00:00:00","javascript","6746"
"2011-03-01 00:00:00","kotlin","1"
"2011-03-01 00:00:00","matlab","429"
"2011-03-01 00:00:00","objective-c","3038"
"2011-03-01 00:00:00","pascal","14"
"2011-03-01 00:00:00","perl","604"
"2011-03-01 00:00:00","php","8041"
"2011-03-01 00:00:00","prolog","58"
"2011-03-01 00:00:00","python","3739"
"2011-03-01 00:00:00","r","422"
"2011-03-01 00:00:00","ruby","1635"
"2011-03-01 00:00:00","scala","298"
"2011-03-01 00:00:00","sql","2644"
"2011-04-01 00:00:00","ada","7"
"2011-04-01 00:00:00","assembly","159"
"2011-04-01 00:00:00","awk","59"
"2011-04-01 00:00:00","bash","379"
"2011-04-01 00:00:00","basic","2"
"2011-04-01 00:00:00","c","2032"
"2011-04-01 00:00:00","c#","9247"
"2011-04-01 00:00:00","c++","4156"
"2011-04-01 00:00:00","clojure","110"
"2011-04-01 00:00:00","cobol","7"
"2011-04-01 00:00:00","coffeescript","16"
"2011-04-01 00:00:00","curl","148"
"2011-04-01 00:00:00","delphi","400"
"2011-04-01 00:00:00","fortran","55"
"2011-04-01 00:00:00","go","7"
"2011-04-01 00:00:00","groovy","111"
"2011-04-01 00:00:00","haskell","267"
"2011-04-01 00:00:00","java","7878"
"2011-04-01 00:00:00","javascript","6869"
"2011-04-01 00:00:00","kotlin","2"
"2011-04-01 00:00:00","matlab","380"
"2011-04-01 00:00:00","objective-c","3217"
"2011-04-01 00:00:00","pascal","19"
"2011-04-01 00:00:00","perl","549"
"2011-04-01 00:00:00","php","7559"
"2011-04-01 00:00:00","prolog","67"
"2011-04-01 00:00:00","python","3319"
"2011-04-01 00:00:00","r","474"
"2011-04-01 00:00:00","ruby","1475"
"2011-04-01 00:00:00","scala","270"
"2011-04-01 00:00:00","sql","2279"
"2011-05-01 00:00:00","ada","14"
"2011-05-01 00:00:00","assembly","158"
"2011-05-01 00:00:00","awk","62"
"2011-05-01 00:00:00","bash","404"
"2011-05-01 00:00:00","basic","2"
"2011-05-01 00:00:00","c","1824"
"2011-05-01 00:00:00","c#","9959"
"2011-05-01 00:00:00","c++","3860"
"2011-05-01 00:00:00","clojure","76"
"2011-05-01 00:00:00","cobol","8"
"2011-05-01 00:00:00","coffeescript","44"
"2011-05-01 00:00:00","curl","171"
"2011-05-01 00:00:00","delphi","472"
"2011-05-01 00:00:00","fortran","32"
"2011-05-01 00:00:00","go","36"
"2011-05-01 00:00:00","groovy","159"
"2011-05-01 00:00:00","haskell","317"
"2011-05-01 00:00:00","java","8515"
"2011-05-01 00:00:00","javascript","7287"
"2011-05-01 00:00:00","kotlin","1"
"2011-05-01 00:00:00","matlab","302"
"2011-05-01 00:00:00","objective-c","3484"
"2011-05-01 00:00:00","pascal","26"
"2011-05-01 00:00:00","perl","581"
"2011-05-01 00:00:00","php","8036"
"2011-05-01 00:00:00","prolog","89"
"2011-05-01 00:00:00","python","3508"
"2011-05-01 00:00:00","r","425"
"2011-05-01 00:00:00","ruby","1562"
"2011-05-01 00:00:00","scala","325"
"2011-05-01 00:00:00","sql","2688"
"2011-06-01 00:00:00","ada","10"
"2011-06-01 00:00:00","assembly","139"
"2011-06-01 00:00:00","awk","91"
"2011-06-01 00:00:00","bash","390"
"2011-06-01 00:00:00","basic","1"
"2011-06-01 00:00:00","c","1759"
"2011-06-01 00:00:00","c#","9707"
"2011-06-01 00:00:00","c++","3794"
"2011-06-01 00:00:00","clojure","71"
"2011-06-01 00:00:00","cobol","11"
"2011-06-01 00:00:00","coffeescript","52"
"2011-06-01 00:00:00","curl","191"
"2011-06-01 00:00:00","delphi","452"
"2011-06-01 00:00:00","fortran","34"
"2011-06-01 00:00:00","go","34"
"2011-06-01 00:00:00","groovy","189"
"2011-06-01 00:00:00","haskell","279"
"2011-06-01 00:00:00","java","7855"
"2011-06-01 00:00:00","javascript","7655"
"2011-06-01 00:00:00","kotlin","2"
"2011-06-01 00:00:00","matlab","309"
"2011-06-01 00:00:00","objective-c","3334"
"2011-06-01 00:00:00","pascal","14"
"2011-06-01 00:00:00","perl","566"
"2011-06-01 00:00:00","php","7986"
"2011-06-01 00:00:00","prolog","58"
"2011-06-01 00:00:00","python","3457"
"2011-06-01 00:00:00","r","442"
"2011-06-01 00:00:00","ruby","1553"
"2011-06-01 00:00:00","scala","331"
"2011-06-01 00:00:00","sql","2646"
"2011-07-01 00:00:00","ada","7"
"2011-07-01 00:00:00","assembly","140"
"2011-07-01 00:00:00","awk","44"
"2011-07-01 00:00:00","bash","408"
"2011-07-01 00:00:00","c","1655"
"2011-07-01 00:00:00","c#","9550"
"2011-07-01 00:00:00","c++","3837"
"2011-07-01 00:00:00","clojure","96"
"2011-07-01 00:00:00","cobol","4"
"2011-07-01 00:00:00","coffeescript","65"
"2011-07-01 00:00:00","curl","170"
"2011-07-01 00:00:00","delphi","428"
"2011-07-01 00:00:00","fortran","21"
"2011-07-01 00:00:00","go","26"
"2011-07-01 00:00:00","groovy","146"
"2011-07-01 00:00:00","haskell","249"
"2011-07-01 00:00:00","java","8117"
"2011-07-01 00:00:00","javascript","8072"
"2011-07-01 00:00:00","matlab","282"
"2011-07-01 00:00:00","objective-c","3675"
"2011-07-01 00:00:00","pascal","6"
"2011-07-01 00:00:00","perl","657"
"2011-07-01 00:00:00","php","8586"
"2011-07-01 00:00:00","prolog","41"
"2011-07-01 00:00:00","python","3644"
"2011-07-01 00:00:00","r","453"
"2011-07-01 00:00:00","ruby","1576"
"2011-07-01 00:00:00","scala","424"
"2011-07-01 00:00:00","sql","2646"
"2011-08-01 00:00:00","ada","5"
"2011-08-01 00:00:00","assembly","159"
"2011-08-01 00:00:00","awk","53"
"2011-08-01 00:00:00","bash","453"
"2011-08-01 00:00:00","c","1825"
"2011-08-01 00:00:00","c#","9996"
"2011-08-01 00:00:00","c++","3942"
"2011-08-01 00:00:00","clojure","99"
"2011-08-01 00:00:00","cobol","4"
"2011-08-01 00:00:00","coffeescript","88"
"2011-08-01 00:00:00","curl","201"
"2011-08-01 00:00:00","delphi","420"
"2011-08-01 00:00:00","fortran","38"
"2011-08-01 00:00:00","go","40"
"2011-08-01 00:00:00","groovy","155"
"2011-08-01 00:00:00","haskell","225"
"2011-08-01 00:00:00","java","8621"
"2011-08-01 00:00:00","javascript","8860"
"2011-08-01 00:00:00","kotlin","2"
"2011-08-01 00:00:00","matlab","253"
"2011-08-01 00:00:00","objective-c","3820"
"2011-08-01 00:00:00","pascal","7"
"2011-08-01 00:00:00","perl","609"
"2011-08-01 00:00:00","php","8835"
"2011-08-01 00:00:00","prolog","21"
"2011-08-01 00:00:00","python","3812"
"2011-08-01 00:00:00","r","586"
"2011-08-01 00:00:00","ruby","1847"
"2011-08-01 00:00:00","scala","434"
"2011-08-01 00:00:00","sql","2661"
"2011-09-01 00:00:00","ada","10"
"2011-09-01 00:00:00","assembly","154"
"2011-09-01 00:00:00","awk","70"
"2011-09-01 00:00:00","bash","400"
"2011-09-01 00:00:00","basic","1"
"2011-09-01 00:00:00","c","1913"
"2011-09-01 00:00:00","c#","9228"
"2011-09-01 00:00:00","c++","3924"
"2011-09-01 00:00:00","clojure","82"
"2011-09-01 00:00:00","cobol","11"
"2011-09-01 00:00:00","coffeescript","112"
"2011-09-01 00:00:00","curl","161"
"2011-09-01 00:00:00","delphi","413"
"2011-09-01 00:00:00","fortran","41"
"2011-09-01 00:00:00","go","26"
"2011-09-01 00:00:00","groovy","154"
"2011-09-01 00:00:00","haskell","270"
"2011-09-01 00:00:00","java","8272"
"2011-09-01 00:00:00","javascript","8127"
"2011-09-01 00:00:00","matlab","265"
"2011-09-01 00:00:00","objective-c","3261"
"2011-09-01 00:00:00","pascal","9"
"2011-09-01 00:00:00","perl","500"
"2011-09-01 00:00:00","php","7980"
"2011-09-01 00:00:00","prolog","61"
"2011-09-01 00:00:00","python","3502"
"2011-09-01 00:00:00","r","612"
"2011-09-01 00:00:00","ruby","1541"
"2011-09-01 00:00:00","scala","418"
"2011-09-01 00:00:00","sql","2570"
"2011-09-01 00:00:00","typescript","1"
"2011-10-01 00:00:00","ada","14"
"2011-10-01 00:00:00","assembly","211"
"2011-10-01 00:00:00","awk","77"
"2011-10-01 00:00:00","bash","453"
"2011-10-01 00:00:00","c","2136"
"2011-10-01 00:00:00","c#","9143"
"2011-10-01 00:00:00","c++","4325"
"2011-10-01 00:00:00","clojure","173"
"2011-10-01 00:00:00","cobol","7"
"2011-10-01 00:00:00","coffeescript","104"
"2011-10-01 00:00:00","curl","162"
"2011-10-01 00:00:00","delphi","463"
"2011-10-01 00:00:00","fortran","42"
"2011-10-01 00:00:00","go","39"
"2011-10-01 00:00:00","groovy","158"
"2011-10-01 00:00:00","haskell","326"
"2011-10-01 00:00:00","java","8489"
"2011-10-01 00:00:00","javascript","7969"
"2011-10-01 00:00:00","kotlin","2"
"2011-10-01 00:00:00","matlab","397"
"2011-10-01 00:00:00","objective-c","3245"
"2011-10-01 00:00:00","pascal","14"
"2011-10-01 00:00:00","perl","554"
"2011-10-01 00:00:00","php","7968"
"2011-10-01 00:00:00","prolog","63"
"2011-10-01 00:00:00","python","3597"
"2011-10-01 00:00:00","r","618"
"2011-10-01 00:00:00","ruby","1599"
"2011-10-01 00:00:00","scala","464"
"2011-10-01 00:00:00","sql","2577"
"2011-11-01 00:00:00","ada","16"
"2011-11-01 00:00:00","assembly","211"
"2011-11-01 00:00:00","awk","93"
"2011-11-01 00:00:00","bash","519"
"2011-11-01 00:00:00","basic","1"
"2011-11-01 00:00:00","c","2194"
"2011-11-01 00:00:00","c#","9830"
"2011-11-01 00:00:00","c++","4445"
"2011-11-01 00:00:00","clojure","107"
"2011-11-01 00:00:00","cobol","10"
"2011-11-01 00:00:00","coffeescript","123"
"2011-11-01 00:00:00","curl","171"
"2011-11-01 00:00:00","delphi","504"
"2011-11-01 00:00:00","fortran","35"
"2011-11-01 00:00:00","go","65"
"2011-11-01 00:00:00","groovy","178"
"2011-11-01 00:00:00","haskell","323"
"2011-11-01 00:00:00","java","9560"
"2011-11-01 00:00:00","javascript","8587"
"2011-11-01 00:00:00","kotlin","1"
"2011-11-01 00:00:00","matlab","429"
"2011-11-01 00:00:00","objective-c","3535"
"2011-11-01 00:00:00","pascal","13"
"2011-11-01 00:00:00","perl","602"
"2011-11-01 00:00:00","php","8583"
"2011-11-01 00:00:00","prolog","95"
"2011-11-01 00:00:00","python","3850"
"2011-11-01 00:00:00","r","605"
"2011-11-01 00:00:00","ruby","1729"
"2011-11-01 00:00:00","scala","453"
"2011-11-01 00:00:00","sql","2817"
"2011-12-01 00:00:00","ada","8"
"2011-12-01 00:00:00","assembly","227"
"2011-12-01 00:00:00","awk","101"
"2011-12-01 00:00:00","bash","559"
"2011-12-01 00:00:00","basic","1"
"2011-12-01 00:00:00","c","1996"
"2011-12-01 00:00:00","c#","9237"
"2011-12-01 00:00:00","c++","4324"
"2011-12-01 00:00:00","clojure","135"
"2011-12-01 00:00:00","cobol","8"
"2011-12-01 00:00:00","coffeescript","107"
"2011-12-01 00:00:00","curl","198"
"2011-12-01 00:00:00","delphi","570"
"2011-12-01 00:00:00","fortran","57"
"2011-12-01 00:00:00","go","52"
"2011-12-01 00:00:00","groovy","145"
"2011-12-01 00:00:00","haskell","332"
"2011-12-01 00:00:00","java","9102"
"2011-12-01 00:00:00","javascript","8257"
"2011-12-01 00:00:00","kotlin","2"
"2011-12-01 00:00:00","matlab","386"
"2011-12-01 00:00:00","objective-c","3292"
"2011-12-01 00:00:00","pascal","14"
"2011-12-01 00:00:00","perl","536"
"2011-12-01 00:00:00","php","8257"
"2011-12-01 00:00:00","prolog","70"
"2011-12-01 00:00:00","python","3601"
"2011-12-01 00:00:00","r","612"
"2011-12-01 00:00:00","ruby","1664"
"2011-12-01 00:00:00","scala","373"
"2011-12-01 00:00:00","sql","2578"
"2012-01-01 00:00:00","ada","17"
"2012-01-01 00:00:00","assembly","169"
"2012-01-01 00:00:00","awk","112"
"2012-01-01 00:00:00","bash","601"
"2012-01-01 00:00:00","basic","2"
"2012-01-01 00:00:00","c","2211"
"2012-01-01 00:00:00","c#","10301"
"2012-01-01 00:00:00","c++","4510"
"2012-01-01 00:00:00","clojure","133"
"2012-01-01 00:00:00","cobol","7"
"2012-01-01 00:00:00","coffeescript","118"
"2012-01-01 00:00:00","curl","209"
"2012-01-01 00:00:00","delphi","508"
"2012-01-01 00:00:00","fortran","62"
"2012-01-01 00:00:00","go","37"
"2012-01-01 00:00:00","groovy","174"
"2012-01-01 00:00:00","haskell","353"
"2012-01-01 00:00:00","java","10043"
"2012-01-01 00:00:00","javascript","9517"
"2012-01-01 00:00:00","matlab","450"
"2012-01-01 00:00:00","objective-c","3734"
"2012-01-01 00:00:00","pascal","12"
"2012-01-01 00:00:00","perl","559"
"2012-01-01 00:00:00","php","9160"
"2012-01-01 00:00:00","prolog","83"
"2012-01-01 00:00:00","python","4169"
"2012-01-01 00:00:00","r","689"
"2012-01-01 00:00:00","ruby","1880"
"2012-01-01 00:00:00","rust","1"
"2012-01-01 00:00:00","scala","358"
"2012-01-01 00:00:00","sql","2791"
"2012-02-01 00:00:00","ada","9"
"2012-02-01 00:00:00","assembly","229"
"2012-02-01 00:00:00","awk","85"
"2012-02-01 00:00:00","bash","600"
"2012-02-01 00:00:00","basic","1"
"2012-02-01 00:00:00","c","2390"
"2012-02-01 00:00:00","c#","10654"
"2012-02-01 00:00:00","c++","5067"
"2012-02-01 00:00:00","clojure","151"
"2012-02-01 00:00:00","cobol","11"
"2012-02-01 00:00:00","coffeescript","156"
"2012-02-01 00:00:00","curl","206"
"2012-02-01 00:00:00","delphi","471"
"2012-02-01 00:00:00","fortran","57"
"2012-02-01 00:00:00","go","31"
"2012-02-01 00:00:00","groovy","185"
"2012-02-01 00:00:00","haskell","383"
"2012-02-01 00:00:00","java","10845"
"2012-02-01 00:00:00","javascript","9880"
"2012-02-01 00:00:00","kotlin","3"
"2012-02-01 00:00:00","matlab","552"
"2012-02-01 00:00:00","objective-c","3819"
"2012-02-01 00:00:00","pascal","11"
"2012-02-01 00:00:00","perl","611"
"2012-02-01 00:00:00","php","9790"
"2012-02-01 00:00:00","prolog","49"
"2012-02-01 00:00:00","python","4470"
"2012-02-01 00:00:00","r","811"
"2012-02-01 00:00:00","ruby","2029"
"2012-02-01 00:00:00","rust","6"
"2012-02-01 00:00:00","scala","386"
"2012-02-01 00:00:00","sql","3129"
"2012-03-01 00:00:00","ada","19"
"2012-03-01 00:00:00","assembly","260"
"2012-03-01 00:00:00","awk","117"
"2012-03-01 00:00:00","bash","690"
"2012-03-01 00:00:00","c","2702"
"2012-03-01 00:00:00","c#","11456"
"2012-03-01 00:00:00","c++","5182"
"2012-03-01 00:00:00","clojure","140"
"2012-03-01 00:00:00","cobol","5"
"2012-03-01 00:00:00","coffeescript","115"
"2012-03-01 00:00:00","curl","235"
"2012-03-01 00:00:00","delphi","492"
"2012-03-01 00:00:00","fortran","63"
"2012-03-01 00:00:00","go","47"
"2012-03-01 00:00:00","groovy","170"
"2012-03-01 00:00:00","haskell","365"
"2012-03-01 00:00:00","java","12244"
"2012-03-01 00:00:00","javascript","10598"
"2012-03-01 00:00:00","julia","1"
"2012-03-01 00:00:00","kotlin","2"
"2012-03-01 00:00:00","matlab","568"
"2012-03-01 00:00:00","objective-c","3795"
"2012-03-01 00:00:00","pascal","18"
"2012-03-01 00:00:00","perl","607"
"2012-03-01 00:00:00","php","10737"
"2012-03-01 00:00:00","prolog","93"
"2012-03-01 00:00:00","python","4992"
"2012-03-01 00:00:00","r","887"
"2012-03-01 00:00:00","ruby","2172"
"2012-03-01 00:00:00","rust","4"
"2012-03-01 00:00:00","scala","458"
"2012-03-01 00:00:00","sql","3575"
"2012-04-01 00:00:00","ada","12"
"2012-04-01 00:00:00","assembly","276"
"2012-04-01 00:00:00","awk","135"
"2012-04-01 00:00:00","bash","651"
"2012-04-01 00:00:00","basic","3"
"2012-04-01 00:00:00","c","2656"
"2012-04-01 00:00:00","c#","10965"
"2012-04-01 00:00:00","c++","5256"
"2012-04-01 00:00:00","clojure","185"
"2012-04-01 00:00:00","cobol","17"
"2012-04-01 00:00:00","coffeescript","143"
"2012-04-01 00:00:00","curl","235"
"2012-04-01 00:00:00","delphi","480"
"2012-04-01 00:00:00","fortran","68"
"2012-04-01 00:00:00","go","69"
"2012-04-01 00:00:00","groovy","148"
"2012-04-01 00:00:00","haskell","377"
"2012-04-01 00:00:00","java","11884"
"2012-04-01 00:00:00","javascript","10554"
"2012-04-01 00:00:00","julia","3"
"2012-04-01 00:00:00","kotlin","2"
"2012-04-01 00:00:00","matlab","612"
"2012-04-01 00:00:00","objective-c","3864"
"2012-04-01 00:00:00","pascal","17"
"2012-04-01 00:00:00","perl","596"
"2012-04-01 00:00:00","php","10237"
"2012-04-01 00:00:00","prolog","143"
"2012-04-01 00:00:00","python","4878"
"2012-04-01 00:00:00","r","836"
"2012-04-01 00:00:00","ruby","1947"
"2012-04-01 00:00:00","scala","404"
"2012-04-01 00:00:00","sql","3295"
"2012-05-01 00:00:00","ada","15"
"2012-05-01 00:00:00","assembly","225"
"2012-05-01 00:00:00","awk","124"
"2012-05-01 00:00:00","bash","678"
"2012-05-01 00:00:00","c","2457"
"2012-05-01 00:00:00","c#","11394"
"2012-05-01 00:00:00","c++","4934"
"2012-05-01 00:00:00","clojure","169"
"2012-05-01 00:00:00","cobol","5"
"2012-05-01 00:00:00","coffeescript","154"
"2012-05-01 00:00:00","curl","240"
"2012-05-01 00:00:00","delphi","473"
"2012-05-01 00:00:00","fortran","62"
"2012-05-01 00:00:00","go","69"
"2012-05-01 00:00:00","groovy","159"
"2012-05-01 00:00:00","haskell","331"
"2012-05-01 00:00:00","java","12028"
"2012-05-01 00:00:00","javascript","11379"
"2012-05-01 00:00:00","julia","1"
"2012-05-01 00:00:00","kotlin","2"
"2012-05-01 00:00:00","matlab","535"
"2012-05-01 00:00:00","objective-c","3818"
"2012-05-01 00:00:00","pascal","16"
"2012-05-01 00:00:00","perl","639"
"2012-05-01 00:00:00","php","10782"
"2012-05-01 00:00:00","prolog","122"
"2012-05-01 00:00:00","python","5041"
"2012-05-01 00:00:00","r","869"
"2012-05-01 00:00:00","ruby","1950"
"2012-05-01 00:00:00","scala","419"
"2012-05-01 00:00:00","sql","3470"
"2012-06-01 00:00:00","ada","5"
"2012-06-01 00:00:00","assembly","199"
"2012-06-01 00:00:00","awk","147"
"2012-06-01 00:00:00","bash","654"
"2012-06-01 00:00:00","basic","4"
"2012-06-01 00:00:00","c","2293"
"2012-06-01 00:00:00","c#","11216"
"2012-06-01 00:00:00","c++","4603"
"2012-06-01 00:00:00","clojure","210"
"2012-06-01 00:00:00","cobol","3"
"2012-06-01 00:00:00","coffeescript","147"
"2012-06-01 00:00:00","curl","237"
"2012-06-01 00:00:00","delphi","415"
"2012-06-01 00:00:00","fortran","54"
"2012-06-01 00:00:00","go","71"
"2012-06-01 00:00:00","groovy","152"
"2012-06-01 00:00:00","haskell","312"
"2012-06-01 00:00:00","java","10985"
"2012-06-01 00:00:00","javascript","11129"
"2012-06-01 00:00:00","matlab","507"
"2012-06-01 00:00:00","objective-c","3766"
"2012-06-01 00:00:00","pascal","8"
"2012-06-01 00:00:00","perl","735"
"2012-06-01 00:00:00","php","10435"
"2012-06-01 00:00:00","prolog","46"
"2012-06-01 00:00:00","python","5225"
"2012-06-01 00:00:00","r","965"
"2012-06-01 00:00:00","ruby","1878"
"2012-06-01 00:00:00","scala","443"
"2012-06-01 00:00:00","sql","3285"
"2012-07-01 00:00:00","ada","14"
"2012-07-01 00:00:00","assembly","200"
"2012-07-01 00:00:00","awk","184"
"2012-07-01 00:00:00","bash","666"
"2012-07-01 00:00:00","basic","3"
"2012-07-01 00:00:00","c","2354"
"2012-07-01 00:00:00","c#","12214"
"2012-07-01 00:00:00","c++","5237"
"2012-07-01 00:00:00","clojure","167"
"2012-07-01 00:00:00","cobol","12"
"2012-07-01 00:00:00","coffeescript","140"
"2012-07-01 00:00:00","curl","250"
"2012-07-01 00:00:00","delphi","435"
"2012-07-01 00:00:00","fortran","68"
"2012-07-01 00:00:00","go","76"
"2012-07-01 00:00:00","groovy","199"
"2012-07-01 00:00:00","haskell","338"
"2012-07-01 00:00:00","java","12156"
"2012-07-01 00:00:00","javascript","12238"
"2012-07-01 00:00:00","kotlin","2"
"2012-07-01 00:00:00","matlab","550"
"2012-07-01 00:00:00","objective-c","4282"
"2012-07-01 00:00:00","pascal","10"
"2012-07-01 00:00:00","perl","666"
"2012-07-01 00:00:00","php","11606"
"2012-07-01 00:00:00","prolog","43"
"2012-07-01 00:00:00","python","5698"
"2012-07-01 00:00:00","r","1110"
"2012-07-01 00:00:00","ruby","2055"
"2012-07-01 00:00:00","rust","5"
"2012-07-01 00:00:00","scala","486"
"2012-07-01 00:00:00","sql","3704"
"2012-08-01 00:00:00","ada","13"
"2012-08-01 00:00:00","assembly","189"
"2012-08-01 00:00:00","awk","139"
"2012-08-01 00:00:00","bash","712"
"2012-08-01 00:00:00","basic","1"
"2012-08-01 00:00:00","c","2308"
"2012-08-01 00:00:00","c#","11892"
"2012-08-01 00:00:00","c++","5134"
"2012-08-01 00:00:00","clojure","182"
"2012-08-01 00:00:00","cobol","7"
"2012-08-01 00:00:00","coffeescript","171"
"2012-08-01 00:00:00","curl","239"
"2012-08-01 00:00:00","delphi","402"
"2012-08-01 00:00:00","fortran","67"
"2012-08-01 00:00:00","go","72"
"2012-08-01 00:00:00","groovy","154"
"2012-08-01 00:00:00","haskell","282"
"2012-08-01 00:00:00","java","12186"
"2012-08-01 00:00:00","javascript","12371"
"2012-08-01 00:00:00","matlab","594"
"2012-08-01 00:00:00","objective-c","4191"
"2012-08-01 00:00:00","pascal","9"
"2012-08-01 00:00:00","perl","759"
"2012-08-01 00:00:00","php","11793"
"2012-08-01 00:00:00","prolog","45"
"2012-08-01 00:00:00","python","5845"
"2012-08-01 00:00:00","r","1084"
"2012-08-01 00:00:00","ruby","2052"
"2012-08-01 00:00:00","scala","459"
"2012-08-01 00:00:00","sql","3677"
"2012-09-01 00:00:00","ada","17"
"2012-09-01 00:00:00","assembly","221"
"2012-09-01 00:00:00","awk","162"
"2012-09-01 00:00:00","bash","720"
"2012-09-01 00:00:00","basic","1"
"2012-09-01 00:00:00","c","2519"
"2012-09-01 00:00:00","c#","11220"
"2012-09-01 00:00:00","c++","4879"
"2012-09-01 00:00:00","clojure","164"
"2012-09-01 00:00:00","cobol","7"
"2012-09-01 00:00:00","coffeescript","140"
"2012-09-01 00:00:00","curl","267"
"2012-09-01 00:00:00","delphi","383"
"2012-09-01 00:00:00","fortran","49"
"2012-09-01 00:00:00","go","129"
"2012-09-01 00:00:00","groovy","119"
"2012-09-01 00:00:00","haskell","325"
"2012-09-01 00:00:00","java","11542"
"2012-09-01 00:00:00","javascript","11120"
"2012-09-01 00:00:00","julia","1"
"2012-09-01 00:00:00","kotlin","1"
"2012-09-01 00:00:00","matlab","546"
"2012-09-01 00:00:00","objective-c","3380"
"2012-09-01 00:00:00","pascal","17"
"2012-09-01 00:00:00","perl","661"
"2012-09-01 00:00:00","php","10897"
"2012-09-01 00:00:00","prolog","39"
"2012-09-01 00:00:00","python","5231"
"2012-09-01 00:00:00","r","1056"
"2012-09-01 00:00:00","ruby","1952"
"2012-09-01 00:00:00","rust","1"
"2012-09-01 00:00:00","scala","533"
"2012-09-01 00:00:00","sql","3603"
"2012-10-01 00:00:00","ada","21"
"2012-10-01 00:00:00","assembly","314"
"2012-10-01 00:00:00","awk","208"
"2012-10-01 00:00:00","bash","804"
"2012-10-01 00:00:00","basic","5"
"2012-10-01 00:00:00","c","3144"
"2012-10-01 00:00:00","c#","12657"
"2012-10-01 00:00:00","c++","5887"
"2012-10-01 00:00:00","clojure","148"
"2012-10-01 00:00:00","cobol","8"
"2012-10-01 00:00:00","coffeescript","145"
"2012-10-01 00:00:00","curl","278"
"2012-10-01 00:00:00","delphi","475"
"2012-10-01 00:00:00","fortran","70"
"2012-10-01 00:00:00","go","101"
"2012-10-01 00:00:00","groovy","137"
"2012-10-01 00:00:00","haskell","419"
"2012-10-01 00:00:00","java","13406"
"2012-10-01 00:00:00","javascript","12351"
"2012-10-01 00:00:00","kotlin","3"
"2012-10-01 00:00:00","matlab","752"
"2012-10-01 00:00:00","objective-c","4108"
"2012-10-01 00:00:00","pascal","20"
"2012-10-01 00:00:00","perl","682"
"2012-10-01 00:00:00","php","11667"
"2012-10-01 00:00:00","prolog","97"
"2012-10-01 00:00:00","python","6113"
"2012-10-01 00:00:00","r","1263"
"2012-10-01 00:00:00","ruby","2250"
"2012-10-01 00:00:00","rust","2"
"2012-10-01 00:00:00","scala","535"
"2012-10-01 00:00:00","sql","4095"
"2012-10-01 00:00:00","typescript","277"
"2012-11-01 00:00:00","ada","15"
"2012-11-01 00:00:00","assembly","302"
"2012-11-01 00:00:00","awk","140"
"2012-11-01 00:00:00","bash","805"
"2012-11-01 00:00:00","basic","1"
"2012-11-01 00:00:00","c","3178"
"2012-11-01 00:00:00","c#","12187"
"2012-11-01 00:00:00","c++","6244"
"2012-11-01 00:00:00","clojure","111"
"2012-11-01 00:00:00","cobol","10"
"2012-11-01 00:00:00","coffeescript","171"
"2012-11-01 00:00:00","curl","290"
"2012-11-01 00:00:00","delphi","440"
"2012-11-01 00:00:00","fortran","75"
"2012-11-01 00:00:00","go","102"
"2012-11-01 00:00:00","groovy","160"
"2012-11-01 00:00:00","haskell","388"
"2012-11-01 00:00:00","java","13519"
"2012-11-01 00:00:00","javascript","12283"
"2012-11-01 00:00:00","julia","1"
"2012-11-01 00:00:00","kotlin","2"
"2012-11-01 00:00:00","matlab","832"
"2012-11-01 00:00:00","objective-c","3829"
"2012-11-01 00:00:00","pascal","29"
"2012-11-01 00:00:00","perl","636"
"2012-11-01 00:00:00","php","11689"
"2012-11-01 00:00:00","prolog","107"
"2012-11-01 00:00:00","python","6377"
"2012-11-01 00:00:00","r","1344"
"2012-11-01 00:00:00","ruby","2123"
"2012-11-01 00:00:00","rust","6"
"2012-11-01 00:00:00","scala","551"
"2012-11-01 00:00:00","sql","4285"
"2012-11-01 00:00:00","typescript","143"
"2012-12-01 00:00:00","ada","13"
"2012-12-01 00:00:00","assembly","260"
"2012-12-01 00:00:00","awk","163"
"2012-12-01 00:00:00","bash","684"
"2012-12-01 00:00:00","c","2555"
"2012-12-01 00:00:00","c#","10894"
"2012-12-01 00:00:00","c++","5663"
"2012-12-01 00:00:00","clojure","113"
"2012-12-01 00:00:00","cobol","4"
"2012-12-01 00:00:00","coffeescript","116"
"2012-12-01 00:00:00","curl","264"
"2012-12-01 00:00:00","delphi","426"
"2012-12-01 00:00:00","fortran","70"
"2012-12-01 00:00:00","go","112"
"2012-12-01 00:00:00","groovy","180"
"2012-12-01 00:00:00","haskell","335"
"2012-12-01 00:00:00","java","12344"
"2012-12-01 00:00:00","javascript","11691"
"2012-12-01 00:00:00","julia","1"
"2012-12-01 00:00:00","kotlin","2"
"2012-12-01 00:00:00","matlab","670"
"2012-12-01 00:00:00","objective-c","3708"
"2012-12-01 00:00:00","pascal","15"
"2012-12-01 00:00:00","perl","550"
"2012-12-01 00:00:00","php","10968"
"2012-12-01 00:00:00","prolog","122"
"2012-12-01 00:00:00","python","5729"
"2012-12-01 00:00:00","r","1209"
"2012-12-01 00:00:00","ruby","1901"
"2012-12-01 00:00:00","scala","478"
"2012-12-01 00:00:00","sql","3857"
"2012-12-01 00:00:00","typescript","81"
"2013-01-01 00:00:00","ada","14"
"2013-01-01 00:00:00","assembly","290"
"2013-01-01 00:00:00","awk","209"
"2013-01-01 00:00:00","bash","845"
"2013-01-01 00:00:00","basic","4"
"2013-01-01 00:00:00","c","2892"
"2013-01-01 00:00:00","c#","12697"
"2013-01-01 00:00:00","c++","6007"
"2013-01-01 00:00:00","clojure","163"
"2013-01-01 00:00:00","cobol","15"
"2013-01-01 00:00:00","coffeescript","145"
"2013-01-01 00:00:00","curl","262"
"2013-01-01 00:00:00","delphi","479"
"2013-01-01 00:00:00","fortran","85"
"2013-01-01 00:00:00","go","100"
"2013-01-01 00:00:00","groovy","191"
"2013-01-01 00:00:00","haskell","352"
"2013-01-01 00:00:00","java","13628"
"2013-01-01 00:00:00","javascript","13729"
"2013-01-01 00:00:00","julia","7"
"2013-01-01 00:00:00","kotlin","1"
"2013-01-01 00:00:00","matlab","719"
"2013-01-01 00:00:00","objective-c","4057"
"2013-01-01 00:00:00","pascal","29"
"2013-01-01 00:00:00","perl","659"
"2013-01-01 00:00:00","php","12787"
"2013-01-01 00:00:00","prolog","94"
"2013-01-01 00:00:00","python","6539"
"2013-01-01 00:00:00","r","1504"
"2013-01-01 00:00:00","ruby","2295"
"2013-01-01 00:00:00","rust","3"
"2013-01-01 00:00:00","scala","573"
"2013-01-01 00:00:00","sql","4634"
"2013-01-01 00:00:00","typescript","96"
"2013-02-01 00:00:00","ada","19"
"2013-02-01 00:00:00","assembly","324"
"2013-02-01 00:00:00","awk","217"
"2013-02-01 00:00:00","bash","916"
"2013-02-01 00:00:00","c","3082"
"2013-02-01 00:00:00","c#","12437"
"2013-02-01 00:00:00","c++","6035"
"2013-02-01 00:00:00","clojure","188"
"2013-02-01 00:00:00","cobol","12"
"2013-02-01 00:00:00","coffeescript","170"
"2013-02-01 00:00:00","curl","270"
"2013-02-01 00:00:00","delphi","444"
"2013-02-01 00:00:00","fortran","77"
"2013-02-01 00:00:00","go","117"
"2013-02-01 00:00:00","groovy","145"
"2013-02-01 00:00:00","haskell","378"
"2013-02-01 00:00:00","java","13607"
"2013-02-01 00:00:00","javascript","13568"
"2013-02-01 00:00:00","julia","1"
"2013-02-01 00:00:00","kotlin","5"
"2013-02-01 00:00:00","matlab","805"
"2013-02-01 00:00:00","objective-c","3885"
"2013-02-01 00:00:00","pascal","25"
"2013-02-01 00:00:00","perl","745"
"2013-02-01 00:00:00","php","12437"
"2013-02-01 00:00:00","prolog","87"
"2013-02-01 00:00:00","python","6705"
"2013-02-01 00:00:00","r","1655"
"2013-02-01 00:00:00","ruby","2208"
"2013-02-01 00:00:00","rust","3"
"2013-02-01 00:00:00","scala","588"
"2013-02-01 00:00:00","sql","4535"
"2013-02-01 00:00:00","typescript","70"
"2013-03-01 00:00:00","ada","20"
"2013-03-01 00:00:00","assembly","367"
"2013-03-01 00:00:00","awk","262"
"2013-03-01 00:00:00","bash","1047"
"2013-03-01 00:00:00","basic","3"
"2013-03-01 00:00:00","c","3413"
"2013-03-01 00:00:00","c#","14183"
"2013-03-01 00:00:00","c++","7147"
"2013-03-01 00:00:00","clojure","239"
"2013-03-01 00:00:00","cobol","12"
"2013-03-01 00:00:00","coffeescript","211"
"2013-03-01 00:00:00","curl","302"
"2013-03-01 00:00:00","delphi","520"
"2013-03-01 00:00:00","fortran","94"
"2013-03-01 00:00:00","go","126"
"2013-03-01 00:00:00","groovy","172"
"2013-03-01 00:00:00","haskell","424"
"2013-03-01 00:00:00","java","15814"
"2013-03-01 00:00:00","javascript","15213"
"2013-03-01 00:00:00","julia","3"
"2013-03-01 00:00:00","kotlin","1"
"2013-03-01 00:00:00","matlab","984"
"2013-03-01 00:00:00","objective-c","4394"
"2013-03-01 00:00:00","pascal","30"
"2013-03-01 00:00:00","perl","849"
"2013-03-01 00:00:00","php","14000"
"2013-03-01 00:00:00","prolog","120"
"2013-03-01 00:00:00","python","7582"
"2013-03-01 00:00:00","r","1839"
"2013-03-01 00:00:00","ruby","2549"
"2013-03-01 00:00:00","rust","7"
"2013-03-01 00:00:00","scala","666"
"2013-03-01 00:00:00","sql","5186"
"2013-03-01 00:00:00","typescript","115"
"2013-04-01 00:00:00","ada","14"
"2013-04-01 00:00:00","assembly","329"
"2013-04-01 00:00:00","awk","255"
"2013-04-01 00:00:00","bash","933"
"2013-04-01 00:00:00","basic","3"
"2013-04-01 00:00:00","c","3513"
"2013-04-01 00:00:00","c#","13811"
"2013-04-01 00:00:00","c++","7079"
"2013-04-01 00:00:00","clojure","218"
"2013-04-01 00:00:00","cobol","12"
"2013-04-01 00:00:00","coffeescript","150"
"2013-04-01 00:00:00","curl","301"
"2013-04-01 00:00:00","delphi","506"
"2013-04-01 00:00:00","fortran","93"
"2013-04-01 00:00:00","go","125"
"2013-04-01 00:00:00","groovy","167"
"2013-04-01 00:00:00","haskell","417"
"2013-04-01 00:00:00","java","16103"
"2013-04-01 00:00:00","javascript","15229"
"2013-04-01 00:00:00","julia","2"
"2013-04-01 00:00:00","kotlin","3"
"2013-04-01 00:00:00","matlab","1040"
"2013-04-01 00:00:00","objective-c","4042"
"2013-04-01 00:00:00","pascal","27"
"2013-04-01 00:00:00","perl","837"
"2013-04-01 00:00:00","php","13294"
"2013-04-01 00:00:00","prolog","192"
"2013-04-01 00:00:00","python","7896"
"2013-04-01 00:00:00","r","1829"
"2013-04-01 00:00:00","ruby","2455"
"2013-04-01 00:00:00","rust","12"
"2013-04-01 00:00:00","scala","686"
"2013-04-01 00:00:00","sql","5008"
"2013-04-01 00:00:00","typescript","94"
"2013-05-01 00:00:00","ada","15"
"2013-05-01 00:00:00","assembly","299"
"2013-05-01 00:00:00","awk","241"
"2013-05-01 00:00:00","bash","993"
"2013-05-01 00:00:00","basic","9"
"2013-05-01 00:00:00","c","3178"
"2013-05-01 00:00:00","c#","13364"
"2013-05-01 00:00:00","c++","6789"
"2013-05-01 00:00:00","clojure","189"
"2013-05-01 00:00:00","cobol","8"
"2013-05-01 00:00:00","coffeescript","181"
"2013-05-01 00:00:00","curl","295"
"2013-05-01 00:00:00","delphi","526"
"2013-05-01 00:00:00","fortran","82"
"2013-05-01 00:00:00","go","141"
"2013-05-01 00:00:00","groovy","158"
"2013-05-01 00:00:00","haskell","350"
"2013-05-01 00:00:00","java","15137"
"2013-05-01 00:00:00","javascript","14959"
"2013-05-01 00:00:00","julia","3"
"2013-05-01 00:00:00","kotlin","2"
"2013-05-01 00:00:00","matlab","1005"
"2013-05-01 00:00:00","objective-c","3799"
"2013-05-01 00:00:00","pascal","21"
"2013-05-01 00:00:00","perl","900"
"2013-05-01 00:00:00","php","12980"
"2013-05-01 00:00:00","prolog","168"
"2013-05-01 00:00:00","python","7772"
"2013-05-01 00:00:00","r","1772"
"2013-05-01 00:00:00","ruby","2331"
"2013-05-01 00:00:00","rust","21"
"2013-05-01 00:00:00","scala","658"
"2013-05-01 00:00:00","sql","4946"
"2013-05-01 00:00:00","typescript","76"
"2013-06-01 00:00:00","ada","17"
"2013-06-01 00:00:00","assembly","291"
"2013-06-01 00:00:00","awk","258"
"2013-06-01 00:00:00","bash","907"
"2013-06-01 00:00:00","basic","3"
"2013-06-01 00:00:00","c","2920"
"2013-06-01 00:00:00","c#","12689"
"2013-06-01 00:00:00","c++","6166"
"2013-06-01 00:00:00","clojure","167"
"2013-06-01 00:00:00","cobol","10"
"2013-06-01 00:00:00","coffeescript","179"
"2013-06-01 00:00:00","curl","286"
"2013-06-01 00:00:00","delphi","473"
"2013-06-01 00:00:00","fortran","86"
"2013-06-01 00:00:00","go","175"
"2013-06-01 00:00:00","groovy","166"
"2013-06-01 00:00:00","haskell","321"
"2013-06-01 00:00:00","java","13808"
"2013-06-01 00:00:00","javascript","14482"
"2013-06-01 00:00:00","julia","6"
"2013-06-01 00:00:00","kotlin","2"
"2013-06-01 00:00:00","matlab","890"
"2013-06-01 00:00:00","objective-c","3351"
"2013-06-01 00:00:00","pascal","23"
"2013-06-01 00:00:00","perl","825"
"2013-06-01 00:00:00","php","12598"
"2013-06-01 00:00:00","prolog","89"
"2013-06-01 00:00:00","python","7557"
"2013-06-01 00:00:00","r","1760"
"2013-06-01 00:00:00","ruby","2213"
"2013-06-01 00:00:00","rust","10"
"2013-06-01 00:00:00","scala","688"
"2013-06-01 00:00:00","sql","4709"
"2013-06-01 00:00:00","typescript","94"
"2013-07-01 00:00:00","ada","20"
"2013-07-01 00:00:00","assembly","294"
"2013-07-01 00:00:00","awk","269"
"2013-07-01 00:00:00","bash","1015"
"2013-07-01 00:00:00","basic","4"
"2013-07-01 00:00:00","c","2987"
"2013-07-01 00:00:00","c#","14053"
"2013-07-01 00:00:00","c++","6539"
"2013-07-01 00:00:00","clojure","174"
"2013-07-01 00:00:00","cobol","7"
"2013-07-01 00:00:00","coffeescript","221"
"2013-07-01 00:00:00","curl","315"
"2013-07-01 00:00:00","delphi","502"
"2013-07-01 00:00:00","fortran","84"
"2013-07-01 00:00:00","go","200"
"2013-07-01 00:00:00","groovy","172"
"2013-07-01 00:00:00","haskell","302"
"2013-07-01 00:00:00","java","15036"
"2013-07-01 00:00:00","javascript","16693"
"2013-07-01 00:00:00","julia","7"
"2013-07-01 00:00:00","kotlin","2"
"2013-07-01 00:00:00","matlab","975"
"2013-07-01 00:00:00","objective-c","3738"
"2013-07-01 00:00:00","pascal","9"
"2013-07-01 00:00:00","perl","950"
"2013-07-01 00:00:00","php","14175"
"2013-07-01 00:00:00","prolog","55"
"2013-07-01 00:00:00","python","8565"
"2013-07-01 00:00:00","r","1952"
"2013-07-01 00:00:00","ruby","2428"
"2013-07-01 00:00:00","rust","12"
"2013-07-01 00:00:00","scala","697"
"2013-07-01 00:00:00","sql","5363"
"2013-07-01 00:00:00","typescript","107"
"2013-08-01 00:00:00","ada","16"
"2013-08-01 00:00:00","assembly","210"
"2013-08-01 00:00:00","awk","253"
"2013-08-01 00:00:00","bash","1083"
"2013-08-01 00:00:00","basic","8"
"2013-08-01 00:00:00","c","2990"
"2013-08-01 00:00:00","c#","13745"
"2013-08-01 00:00:00","c++","6209"
"2013-08-01 00:00:00","clojure","167"
"2013-08-01 00:00:00","cobol","8"
"2013-08-01 00:00:00","coffeescript","212"
"2013-08-01 00:00:00","curl","314"
"2013-08-01 00:00:00","delphi","446"
"2013-08-01 00:00:00","fortran","80"
"2013-08-01 00:00:00","go","206"
"2013-08-01 00:00:00","groovy","180"
"2013-08-01 00:00:00","haskell","325"
"2013-08-01 00:00:00","java","14918"
"2013-08-01 00:00:00","javascript","16714"
"2013-08-01 00:00:00","julia","4"
"2013-08-01 00:00:00","kotlin","1"
"2013-08-01 00:00:00","matlab","909"
"2013-08-01 00:00:00","objective-c","3536"
"2013-08-01 00:00:00","pascal","13"
"2013-08-01 00:00:00","perl","830"
"2013-08-01 00:00:00","php","14175"
"2013-08-01 00:00:00","prolog","30"
"2013-08-01 00:00:00","python","7903"
"2013-08-01 00:00:00","r","1908"
"2013-08-01 00:00:00","ruby","2472"
"2013-08-01 00:00:00","rust","12"
"2013-08-01 00:00:00","scala","690"
"2013-08-01 00:00:00","sql","5329"
"2013-08-01 00:00:00","typescript","107"
"2013-09-01 00:00:00","ada","2"
"2013-09-01 00:00:00","assembly","288"
"2013-09-01 00:00:00","awk","249"
"2013-09-01 00:00:00","bash","1054"
"2013-09-01 00:00:00","basic","2"
"2013-09-01 00:00:00","c","3365"
"2013-09-01 00:00:00","c#","13643"
"2013-09-01 00:00:00","c++","6485"
"2013-09-01 00:00:00","clojure","185"
"2013-09-01 00:00:00","cobol","9"
"2013-09-01 00:00:00","coffeescript","175"
"2013-09-01 00:00:00","curl","306"
"2013-09-01 00:00:00","delphi","485"
"2013-09-01 00:00:00","fortran","91"
"2013-09-01 00:00:00","go","237"
"2013-09-01 00:00:00","groovy","190"
"2013-09-01 00:00:00","haskell","366"
"2013-09-01 00:00:00","java","16107"
"2013-09-01 00:00:00","javascript","17559"
"2013-09-01 00:00:00","julia","6"
"2013-09-01 00:00:00","matlab","881"
"2013-09-01 00:00:00","objective-c","3928"
"2013-09-01 00:00:00","pascal","26"
"2013-09-01 00:00:00","perl","683"
"2013-09-01 00:00:00","php","14092"
"2013-09-01 00:00:00","prolog","61"
"2013-09-01 00:00:00","python","7913"
"2013-09-01 00:00:00","r","1701"
"2013-09-01 00:00:00","ruby","2378"
"2013-09-01 00:00:00","rust","8"
"2013-09-01 00:00:00","scala","773"
"2013-09-01 00:00:00","sql","5853"
"2013-09-01 00:00:00","typescript","86"
"2013-10-01 00:00:00","ada","25"
"2013-10-01 00:00:00","assembly","375"
"2013-10-01 00:00:00","awk","298"
"2013-10-01 00:00:00","bash","1189"
"2013-10-01 00:00:00","basic","5"
"2013-10-01 00:00:00","c","4213"
"2013-10-01 00:00:00","c#","15082"
"2013-10-01 00:00:00","c++","7909"
"2013-10-01 00:00:00","clojure","189"
"2013-10-01 00:00:00","cobol","13"
"2013-10-01 00:00:00","coffeescript","193"
"2013-10-01 00:00:00","curl","379"
"2013-10-01 00:00:00","delphi","518"
"2013-10-01 00:00:00","fortran","153"
"2013-10-01 00:00:00","go","210"
"2013-10-01 00:00:00","groovy","222"
"2013-10-01 00:00:00","haskell","517"
"2013-10-01 00:00:00","java","18552"
"2013-10-01 00:00:00","javascript","19570"
"2013-10-01 00:00:00","julia","12"
"2013-10-01 00:00:00","kotlin","3"
"2013-10-01 00:00:00","matlab","1096"
"2013-10-01 00:00:00","objective-c","4442"
"2013-10-01 00:00:00","pascal","25"
"2013-10-01 00:00:00","perl","813"
"2013-10-01 00:00:00","php","15159"
"2013-10-01 00:00:00","prolog","115"
"2013-10-01 00:00:00","python","9429"
"2013-10-01 00:00:00","r","2076"
"2013-10-01 00:00:00","ruby","2781"
"2013-10-01 00:00:00","rust","24"
"2013-10-01 00:00:00","scala","839"
"2013-10-01 00:00:00","sql","6767"
"2013-10-01 00:00:00","typescript","82"
"2013-11-01 00:00:00","ada","17"
"2013-11-01 00:00:00","assembly","415"
"2013-11-01 00:00:00","awk","278"
"2013-11-01 00:00:00","bash","1335"
"2013-11-01 00:00:00","basic","3"
"2013-11-01 00:00:00","c","4249"
"2013-11-01 00:00:00","c#","14478"
"2013-11-01 00:00:00","c++","8061"
"2013-11-01 00:00:00","clojure","173"
"2013-11-01 00:00:00","cobol","13"
"2013-11-01 00:00:00","coffeescript","174"
"2013-11-01 00:00:00","curl","315"
"2013-11-01 00:00:00","delphi","456"
"2013-11-01 00:00:00","fortran","117"
"2013-11-01 00:00:00","go","209"
"2013-11-01 00:00:00","groovy","204"
"2013-11-01 00:00:00","haskell","487"
"2013-11-01 00:00:00","java","18562"
"2013-11-01 00:00:00","javascript","18341"
"2013-11-01 00:00:00","julia","11"
"2013-11-01 00:00:00","kotlin","1"
"2013-11-01 00:00:00","matlab","1188"
"2013-11-01 00:00:00","objective-c","4006"
"2013-11-01 00:00:00","pascal","24"
"2013-11-01 00:00:00","perl","819"
"2013-11-01 00:00:00","php","14682"
"2013-11-01 00:00:00","prolog","166"
"2013-11-01 00:00:00","python","9440"
"2013-11-01 00:00:00","r","2172"
"2013-11-01 00:00:00","ruby","2567"
"2013-11-01 00:00:00","rust","11"
"2013-11-01 00:00:00","scala","845"
"2013-11-01 00:00:00","sql","6500"
"2013-11-01 00:00:00","typescript","90"
"2013-12-01 00:00:00","ada","7"
"2013-12-01 00:00:00","assembly","353"
"2013-12-01 00:00:00","awk","277"
"2013-12-01 00:00:00","bash","1151"
"2013-12-01 00:00:00","basic","5"
"2013-12-01 00:00:00","c","3480"
"2013-12-01 00:00:00","c#","13521"
"2013-12-01 00:00:00","c++","6957"
"2013-12-01 00:00:00","clojure","197"
"2013-12-01 00:00:00","cobol","10"
"2013-12-01 00:00:00","coffeescript","153"
"2013-12-01 00:00:00","curl","314"
"2013-12-01 00:00:00","delphi","446"
"2013-12-01 00:00:00","fortran","91"
"2013-12-01 00:00:00","go","240"
"2013-12-01 00:00:00","groovy","174"
"2013-12-01 00:00:00","haskell","447"
"2013-12-01 00:00:00","java","17287"
"2013-12-01 00:00:00","javascript","17891"
"2013-12-01 00:00:00","julia","18"
"2013-12-01 00:00:00","kotlin","5"
"2013-12-01 00:00:00","matlab","1041"
"2013-12-01 00:00:00","objective-c","3969"
"2013-12-01 00:00:00","pascal","26"
"2013-12-01 00:00:00","perl","760"
"2013-12-01 00:00:00","php","14238"
"2013-12-01 00:00:00","prolog","145"
"2013-12-01 00:00:00","python","8393"
"2013-12-01 00:00:00","r","1901"
"2013-12-01 00:00:00","ruby","2428"
"2013-12-01 00:00:00","rust","13"
"2013-12-01 00:00:00","scala","816"
"2013-12-01 00:00:00","sql","6154"
"2013-12-01 00:00:00","typescript","122"
"2014-01-01 00:00:00","ada","10"
"2014-01-01 00:00:00","assembly","336"
"2014-01-01 00:00:00","awk","293"
"2014-01-01 00:00:00","bash","1327"
"2014-01-01 00:00:00","basic","1"
"2014-01-01 00:00:00","c","3705"
"2014-01-01 00:00:00","c#","15217"
"2014-01-01 00:00:00","c++","7626"
"2014-01-01 00:00:00","clojure","217"
"2014-01-01 00:00:00","cobol","16"
"2014-01-01 00:00:00","coffeescript","193"
"2014-01-01 00:00:00","curl","391"
"2014-01-01 00:00:00","delphi","484"
"2014-01-01 00:00:00","fortran","110"
"2014-01-01 00:00:00","go","300"
"2014-01-01 00:00:00","groovy","218"
"2014-01-01 00:00:00","haskell","479"
"2014-01-01 00:00:00","java","18516"
"2014-01-01 00:00:00","javascript","20956"
"2014-01-01 00:00:00","julia","28"
"2014-01-01 00:00:00","kotlin","1"
"2014-01-01 00:00:00","matlab","1094"
"2014-01-01 00:00:00","objective-c","4391"
"2014-01-01 00:00:00","pascal","21"
"2014-01-01 00:00:00","perl","805"
"2014-01-01 00:00:00","php","16592"
"2014-01-01 00:00:00","prolog","92"
"2014-01-01 00:00:00","python","9790"
"2014-01-01 00:00:00","r","2332"
"2014-01-01 00:00:00","ruby","2747"
"2014-01-01 00:00:00","rust","40"
"2014-01-01 00:00:00","scala","767"
"2014-01-01 00:00:00","sql","6961"
"2014-01-01 00:00:00","typescript","147"
"2014-02-01 00:00:00","ada","14"
"2014-02-01 00:00:00","assembly","372"
"2014-02-01 00:00:00","awk","327"
"2014-02-01 00:00:00","bash","1407"
"2014-02-01 00:00:00","basic","5"
"2014-02-01 00:00:00","c","3949"
"2014-02-01 00:00:00","c#","15017"
"2014-02-01 00:00:00","c++","7607"
"2014-02-01 00:00:00","clojure","205"
"2014-02-01 00:00:00","cobol","13"
"2014-02-01 00:00:00","coffeescript","182"
"2014-02-01 00:00:00","curl","402"
"2014-02-01 00:00:00","delphi","490"
"2014-02-01 00:00:00","fortran","95"
"2014-02-01 00:00:00","go","203"
"2014-02-01 00:00:00","groovy","218"
"2014-02-01 00:00:00","haskell","473"
"2014-02-01 00:00:00","java","19058"
"2014-02-01 00:00:00","javascript","20985"
"2014-02-01 00:00:00","julia","40"
"2014-02-01 00:00:00","kotlin","2"
"2014-02-01 00:00:00","matlab","1220"
"2014-02-01 00:00:00","objective-c","4562"
"2014-02-01 00:00:00","pascal","24"
"2014-02-01 00:00:00","perl","787"
"2014-02-01 00:00:00","php","16315"
"2014-02-01 00:00:00","prolog","91"
"2014-02-01 00:00:00","python","9840"
"2014-02-01 00:00:00","r","2610"
"2014-02-01 00:00:00","ruby","2588"
"2014-02-01 00:00:00","rust","27"
"2014-02-01 00:00:00","scala","828"
"2014-02-01 00:00:00","sql","6859"
"2014-02-01 00:00:00","typescript","118"
"2014-03-01 00:00:00","ada","20"
"2014-03-01 00:00:00","assembly","447"
"2014-03-01 00:00:00","awk","346"
"2014-03-01 00:00:00","bash","1436"
"2014-03-01 00:00:00","basic","17"
"2014-03-01 00:00:00","c","4527"
"2014-03-01 00:00:00","c#","16040"
"2014-03-01 00:00:00","c++","8605"
"2014-03-01 00:00:00","clojure","188"
"2014-03-01 00:00:00","cobol","22"
"2014-03-01 00:00:00","coffeescript","157"
"2014-03-01 00:00:00","curl","416"
"2014-03-01 00:00:00","delphi","439"
"2014-03-01 00:00:00","fortran","139"
"2014-03-01 00:00:00","go","254"
"2014-03-01 00:00:00","groovy","268"
"2014-03-01 00:00:00","haskell","548"
"2014-03-01 00:00:00","java","21739"
"2014-03-01 00:00:00","javascript","22483"
"2014-03-01 00:00:00","julia","48"
"2014-03-01 00:00:00","kotlin","2"
"2014-03-01 00:00:00","matlab","1409"
"2014-03-01 00:00:00","objective-c","4995"
"2014-03-01 00:00:00","pascal","35"
"2014-03-01 00:00:00","perl","906"
"2014-03-01 00:00:00","php","18109"
"2014-03-01 00:00:00","prolog","144"
"2014-03-01 00:00:00","python","11353"
"2014-03-01 00:00:00","r","2787"
"2014-03-01 00:00:00","ruby","2936"
"2014-03-01 00:00:00","rust","29"
"2014-03-01 00:00:00","scala","928"
"2014-03-01 00:00:00","sql","7658"
"2014-03-01 00:00:00","typescript","118"
"2014-04-01 00:00:00","ada","36"
"2014-04-01 00:00:00","assembly","358"
"2014-04-01 00:00:00","awk","313"
"2014-04-01 00:00:00","bash","1316"
"2014-04-01 00:00:00","basic","13"
"2014-04-01 00:00:00","c","3971"
"2014-04-01 00:00:00","c#","15174"
"2014-04-01 00:00:00","c++","8068"
"2014-04-01 00:00:00","clojure","235"
"2014-04-01 00:00:00","cobol","18"
"2014-04-01 00:00:00","coffeescript","150"
"2014-04-01 00:00:00","curl","363"
"2014-04-01 00:00:00","delphi","385"
"2014-04-01 00:00:00","fortran","104"
"2014-04-01 00:00:00","go","340"
"2014-04-01 00:00:00","groovy","236"
"2014-04-01 00:00:00","haskell","502"
"2014-04-01 00:00:00","java","20656"
"2014-04-01 00:00:00","javascript","21262"
"2014-04-01 00:00:00","julia","38"
"2014-04-01 00:00:00","kotlin","4"
"2014-04-01 00:00:00","matlab","1399"
"2014-04-01 00:00:00","objective-c","4631"
"2014-04-01 00:00:00","pascal","26"
"2014-04-01 00:00:00","perl","819"
"2014-04-01 00:00:00","php","17431"
"2014-04-01 00:00:00","prolog","165"
"2014-04-01 00:00:00","python","10673"
"2014-04-01 00:00:00","r","2713"
"2014-04-01 00:00:00","ruby","2736"
"2014-04-01 00:00:00","rust","41"
"2014-04-01 00:00:00","scala","919"
"2014-04-01 00:00:00","sql","7709"
"2014-04-01 00:00:00","typescript","139"
"2014-05-01 00:00:00","ada","21"
"2014-05-01 00:00:00","assembly","327"
"2014-05-01 00:00:00","awk","323"
"2014-05-01 00:00:00","bash","1221"
"2014-05-01 00:00:00","basic","10"
"2014-05-01 00:00:00","c","3233"
"2014-05-01 00:00:00","c#","13785"
"2014-05-01 00:00:00","c++","6720"
"2014-05-01 00:00:00","clojure","176"
"2014-05-01 00:00:00","cobol","6"
"2014-05-01 00:00:00","coffeescript","164"
"2014-05-01 00:00:00","curl","334"
"2014-05-01 00:00:00","delphi","468"
"2014-05-01 00:00:00","fortran","108"
"2014-05-01 00:00:00","go","278"
"2014-05-01 00:00:00","groovy","242"
"2014-05-01 00:00:00","haskell","544"
"2014-05-01 00:00:00","java","17771"
"2014-05-01 00:00:00","javascript","19596"
"2014-05-01 00:00:00","julia","38"
"2014-05-01 00:00:00","kotlin","6"
"2014-05-01 00:00:00","matlab","1236"
"2014-05-01 00:00:00","objective-c","4143"
"2014-05-01 00:00:00","pascal","22"
"2014-05-01 00:00:00","perl","793"
"2014-05-01 00:00:00","php","14577"
"2014-05-01 00:00:00","prolog","156"
"2014-05-01 00:00:00","python","9174"
"2014-05-01 00:00:00","r","2572"
"2014-05-01 00:00:00","ruby","2667"
"2014-05-01 00:00:00","rust","45"
"2014-05-01 00:00:00","scala","850"
"2014-05-01 00:00:00","sql","6681"
"2014-05-01 00:00:00","typescript","138"
"2014-06-01 00:00:00","ada","5"
"2014-06-01 00:00:00","assembly","264"
"2014-06-01 00:00:00","awk","289"
"2014-06-01 00:00:00","bash","1189"
"2014-06-01 00:00:00","basic","10"
"2014-06-01 00:00:00","c","2750"
"2014-06-01 00:00:00","c#","12371"
"2014-06-01 00:00:00","c++","5609"
"2014-06-01 00:00:00","clojure","145"
"2014-06-01 00:00:00","cobol","8"
"2014-06-01 00:00:00","coffeescript","161"
"2014-06-01 00:00:00","curl","356"
"2014-06-01 00:00:00","delphi","414"
"2014-06-01 00:00:00","fortran","146"
"2014-06-01 00:00:00","go","288"
"2014-06-01 00:00:00","groovy","236"
"2014-06-01 00:00:00","haskell","423"
"2014-06-01 00:00:00","java","15755"
"2014-06-01 00:00:00","javascript","18140"
"2014-06-01 00:00:00","julia","42"
"2014-06-01 00:00:00","kotlin","3"
"2014-06-01 00:00:00","matlab","1017"
"2014-06-01 00:00:00","objective-c","3726"
"2014-06-01 00:00:00","pascal","20"
"2014-06-01 00:00:00","perl","675"
"2014-06-01 00:00:00","php","12833"
"2014-06-01 00:00:00","prolog","88"
"2014-06-01 00:00:00","python","8856"
"2014-06-01 00:00:00","r","2385"
"2014-06-01 00:00:00","ruby","2322"
"2014-06-01 00:00:00","rust","50"
"2014-06-01 00:00:00","scala","943"
"2014-06-01 00:00:00","sql","6257"
"2014-06-01 00:00:00","typescript","104"
"2014-07-01 00:00:00","ada","23"
"2014-07-01 00:00:00","assembly","213"
"2014-07-01 00:00:00","awk","347"
"2014-07-01 00:00:00","bash","1247"
"2014-07-01 00:00:00","basic","10"
"2014-07-01 00:00:00","c","2807"
"2014-07-01 00:00:00","c#","13548"
"2014-07-01 00:00:00","c++","6217"
"2014-07-01 00:00:00","clojure","167"
"2014-07-01 00:00:00","cobol","12"
"2014-07-01 00:00:00","coffeescript","195"
"2014-07-01 00:00:00","curl","394"
"2014-07-01 00:00:00","delphi","441"
"2014-07-01 00:00:00","fortran","114"
"2014-07-01 00:00:00","go","450"
"2014-07-01 00:00:00","groovy","306"
"2014-07-01 00:00:00","haskell","463"
"2014-07-01 00:00:00","java","17213"
"2014-07-01 00:00:00","javascript","19959"
"2014-07-01 00:00:00","julia","63"
"2014-07-01 00:00:00","kotlin","3"
"2014-07-01 00:00:00","matlab","1095"
"2014-07-01 00:00:00","objective-c","4156"
"2014-07-01 00:00:00","pascal","11"
"2014-07-01 00:00:00","perl","732"
"2014-07-01 00:00:00","php","14129"
"2014-07-01 00:00:00","prolog","35"
"2014-07-01 00:00:00","python","9853"
"2014-07-01 00:00:00","r","2616"
"2014-07-01 00:00:00","ruby","2547"
"2014-07-01 00:00:00","rust","90"
"2014-07-01 00:00:00","scala","895"
"2014-07-01 00:00:00","sql","6772"
"2014-07-01 00:00:00","typescript","160"
"2014-08-01 00:00:00","ada","17"
"2014-08-01 00:00:00","assembly","183"
"2014-08-01 00:00:00","awk","260"
"2014-08-01 00:00:00","bash","1156"
"2014-08-01 00:00:00","basic","8"
"2014-08-01 00:00:00","c","2665"
"2014-08-01 00:00:00","c#","12399"
"2014-08-01 00:00:00","c++","5835"
"2014-08-01 00:00:00","clojure","164"
"2014-08-01 00:00:00","cobol","12"
"2014-08-01 00:00:00","coffeescript","155"
"2014-08-01 00:00:00","curl","320"
"2014-08-01 00:00:00","delphi","422"
"2014-08-01 00:00:00","fortran","79"
"2014-08-01 00:00:00","go","405"
"2014-08-01 00:00:00","groovy","295"
"2014-08-01 00:00:00","haskell","432"
"2014-08-01 00:00:00","java","15598"
"2014-08-01 00:00:00","javascript","18298"
"2014-08-01 00:00:00","julia","45"
"2014-08-01 00:00:00","kotlin","4"
"2014-08-01 00:00:00","matlab","914"
"2014-08-01 00:00:00","objective-c","3676"
"2014-08-01 00:00:00","pascal","8"
"2014-08-01 00:00:00","perl","683"
"2014-08-01 00:00:00","php","13074"
"2014-08-01 00:00:00","prolog","55"
"2014-08-01 00:00:00","python","9066"
"2014-08-01 00:00:00","r","2454"
"2014-08-01 00:00:00","ruby","2454"
"2014-08-01 00:00:00","rust","129"
"2014-08-01 00:00:00","scala","857"
"2014-08-01 00:00:00","sql","6156"
"2014-08-01 00:00:00","typescript","122"
"2014-09-01 00:00:00","ada","15"
"2014-09-01 00:00:00","assembly","274"
"2014-09-01 00:00:00","awk","275"
"2014-09-01 00:00:00","bash","1229"
"2014-09-01 00:00:00","basic","12"
"2014-09-01 00:00:00","c","3210"
"2014-09-01 00:00:00","c#","12237"
"2014-09-01 00:00:00","c++","6139"
"2014-09-01 00:00:00","clojure","206"
"2014-09-01 00:00:00","cobol","13"
"2014-09-01 00:00:00","coffeescript","155"
"2014-09-01 00:00:00","curl","324"
"2014-09-01 00:00:00","delphi","443"
"2014-09-01 00:00:00","fortran","85"
"2014-09-01 00:00:00","go","389"
"2014-09-01 00:00:00","groovy","273"
"2014-09-01 00:00:00","haskell","413"
"2014-09-01 00:00:00","java","16521"
"2014-09-01 00:00:00","javascript","17980"
"2014-09-01 00:00:00","julia","51"
"2014-09-01 00:00:00","kotlin","14"
"2014-09-01 00:00:00","matlab","1062"
"2014-09-01 00:00:00","objective-c","3720"
"2014-09-01 00:00:00","pascal","26"
"2014-09-01 00:00:00","perl","678"
"2014-09-01 00:00:00","php","13204"
"2014-09-01 00:00:00","prolog","68"
"2014-09-01 00:00:00","python","8712"
"2014-09-01 00:00:00","r","2351"
"2014-09-01 00:00:00","ruby","2260"
"2014-09-01 00:00:00","rust","93"
"2014-09-01 00:00:00","scala","852"
"2014-09-01 00:00:00","sql","6275"
"2014-09-01 00:00:00","typescript","115"
"2014-10-01 00:00:00","ada","28"
"2014-10-01 00:00:00","assembly","386"
"2014-10-01 00:00:00","awk","311"
"2014-10-01 00:00:00","bash","1283"
"2014-10-01 00:00:00","basic","9"
"2014-10-01 00:00:00","c","3776"
"2014-10-01 00:00:00","c#","12454"
"2014-10-01 00:00:00","c++","6779"
"2014-10-01 00:00:00","clojure","222"
"2014-10-01 00:00:00","cobol","16"
"2014-10-01 00:00:00","coffeescript","155"
"2014-10-01 00:00:00","curl","341"
"2014-10-01 00:00:00","delphi","407"
"2014-10-01 00:00:00","fortran","109"
"2014-10-01 00:00:00","go","379"
"2014-10-01 00:00:00","groovy","305"
"2014-10-01 00:00:00","haskell","539"
"2014-10-01 00:00:00","java","17736"
"2014-10-01 00:00:00","javascript","18785"
"2014-10-01 00:00:00","julia","50"
"2014-10-01 00:00:00","kotlin","19"
"2014-10-01 00:00:00","matlab","1217"
"2014-10-01 00:00:00","objective-c","3670"
"2014-10-01 00:00:00","pascal","24"
"2014-10-01 00:00:00","perl","638"
"2014-10-01 00:00:00","php","13422"
"2014-10-01 00:00:00","prolog","122"
"2014-10-01 00:00:00","python","9528"
"2014-10-01 00:00:00","r","2757"
"2014-10-01 00:00:00","ruby","2336"
"2014-10-01 00:00:00","rust","177"
"2014-10-01 00:00:00","scala","848"
"2014-10-01 00:00:00","sql","5367"
"2014-10-01 00:00:00","typescript","142"
"2014-11-01 00:00:00","ada","28"
"2014-11-01 00:00:00","assembly","378"
"2014-11-01 00:00:00","awk","328"
"2014-11-01 00:00:00","bash","1271"
"2014-11-01 00:00:00","basic","9"
"2014-11-01 00:00:00","c","3637"
"2014-11-01 00:00:00","c#","11776"
"2014-11-01 00:00:00","c++","6507"
"2014-11-01 00:00:00","clojure","171"
"2014-11-01 00:00:00","cobol","15"
"2014-11-01 00:00:00","coffeescript","150"
"2014-11-01 00:00:00","curl","342"
"2014-11-01 00:00:00","delphi","422"
"2014-11-01 00:00:00","fortran","129"
"2014-11-01 00:00:00","go","335"
"2014-11-01 00:00:00","groovy","222"
"2014-11-01 00:00:00","haskell","583"
"2014-11-01 00:00:00","java","17681"
"2014-11-01 00:00:00","javascript","17852"
"2014-11-01 00:00:00","julia","58"
"2014-11-01 00:00:00","kotlin","9"
"2014-11-01 00:00:00","matlab","1217"
"2014-11-01 00:00:00","objective-c","3249"
"2014-11-01 00:00:00","pascal","31"
"2014-11-01 00:00:00","perl","656"
"2014-11-01 00:00:00","php","12895"
"2014-11-01 00:00:00","prolog","149"
"2014-11-01 00:00:00","python","9515"
"2014-11-01 00:00:00","r","2693"
"2014-11-01 00:00:00","ruby","2105"
"2014-11-01 00:00:00","rust","154"
"2014-11-01 00:00:00","scala","902"
"2014-11-01 00:00:00","sql","4236"
"2014-11-01 00:00:00","typescript","107"
"2014-12-01 00:00:00","ada","10"
"2014-12-01 00:00:00","assembly","320"
"2014-12-01 00:00:00","awk","265"
"2014-12-01 00:00:00","bash","1045"
"2014-12-01 00:00:00","basic","13"
"2014-12-01 00:00:00","c","3138"
"2014-12-01 00:00:00","c#","11002"
"2014-12-01 00:00:00","c++","6031"
"2014-12-01 00:00:00","clojure","164"
"2014-12-01 00:00:00","cobol","10"
"2014-12-01 00:00:00","coffeescript","141"
"2014-12-01 00:00:00","curl","336"
"2014-12-01 00:00:00","delphi","313"
"2014-12-01 00:00:00","fortran","113"
"2014-12-01 00:00:00","go","349"
"2014-12-01 00:00:00","groovy","240"
"2014-12-01 00:00:00","haskell","539"
"2014-12-01 00:00:00","java","16227"
"2014-12-01 00:00:00","javascript","16868"
"2014-12-01 00:00:00","julia","42"
"2014-12-01 00:00:00","kotlin","14"
"2014-12-01 00:00:00","matlab","985"
"2014-12-01 00:00:00","objective-c","3013"
"2014-12-01 00:00:00","pascal","23"
"2014-12-01 00:00:00","perl","564"
"2014-12-01 00:00:00","php","12195"
"2014-12-01 00:00:00","prolog","173"
"2014-12-01 00:00:00","python","8997"
"2014-12-01 00:00:00","r","2348"
"2014-12-01 00:00:00","ruby","2138"
"2014-12-01 00:00:00","rust","168"
"2014-12-01 00:00:00","scala","857"
"2014-12-01 00:00:00","sql","4153"
"2014-12-01 00:00:00","typescript","121"
"2015-01-01 00:00:00","ada","27"
"2015-01-01 00:00:00","assembly","332"
"2015-01-01 00:00:00","awk","246"
"2015-01-01 00:00:00","bash","1229"
"2015-01-01 00:00:00","basic","8"
"2015-01-01 00:00:00","c","3198"
"2015-01-01 00:00:00","c#","11687"
"2015-01-01 00:00:00","c++","6095"
"2015-01-01 00:00:00","clojure","176"
"2015-01-01 00:00:00","cobol","17"
"2015-01-01 00:00:00","coffeescript","147"
"2015-01-01 00:00:00","curl","364"
"2015-01-01 00:00:00","delphi","376"
"2015-01-01 00:00:00","fortran","87"
"2015-01-01 00:00:00","go","468"
"2015-01-01 00:00:00","groovy","224"
"2015-01-01 00:00:00","haskell","500"
"2015-01-01 00:00:00","java","16430"
"2015-01-01 00:00:00","javascript","18416"
"2015-01-01 00:00:00","julia","49"
"2015-01-01 00:00:00","kotlin","16"
"2015-01-01 00:00:00","matlab","1002"
"2015-01-01 00:00:00","objective-c","2977"
"2015-01-01 00:00:00","pascal","26"
"2015-01-01 00:00:00","perl","588"
"2015-01-01 00:00:00","php","13485"
"2015-01-01 00:00:00","prolog","100"
"2015-01-01 00:00:00","python","9634"
"2015-01-01 00:00:00","r","2668"
"2015-01-01 00:00:00","ruby","2414"
"2015-01-01 00:00:00","rust","233"
"2015-01-01 00:00:00","scala","893"
"2015-01-01 00:00:00","sql","4422"
"2015-01-01 00:00:00","typescript","140"
"2015-02-01 00:00:00","ada","29"
"2015-02-01 00:00:00","assembly","355"
"2015-02-01 00:00:00","awk","331"
"2015-02-01 00:00:00","bash","1307"
"2015-02-01 00:00:00","basic","13"
"2015-02-01 00:00:00","c","3351"
"2015-02-01 00:00:00","c#","11738"
"2015-02-01 00:00:00","c++","6438"
"2015-02-01 00:00:00","clojure","174"
"2015-02-01 00:00:00","cobol","21"
"2015-02-01 00:00:00","coffeescript","112"
"2015-02-01 00:00:00","curl","353"
"2015-02-01 00:00:00","delphi","411"
"2015-02-01 00:00:00","fortran","118"
"2015-02-01 00:00:00","go","380"
"2015-02-01 00:00:00","groovy","217"
"2015-02-01 00:00:00","haskell","416"
"2015-02-01 00:00:00","java","16653"
"2015-02-01 00:00:00","javascript","18556"
"2015-02-01 00:00:00","julia","61"
"2015-02-01 00:00:00","kotlin","33"
"2015-02-01 00:00:00","matlab","1182"
"2015-02-01 00:00:00","objective-c","3154"
"2015-02-01 00:00:00","pascal","17"
"2015-02-01 00:00:00","perl","561"
"2015-02-01 00:00:00","php","13413"
"2015-02-01 00:00:00","prolog","103"
"2015-02-01 00:00:00","python","10160"
"2015-02-01 00:00:00","r","2954"
"2015-02-01 00:00:00","ruby","2254"
"2015-02-01 00:00:00","rust","171"
"2015-02-01 00:00:00","scala","883"
"2015-02-01 00:00:00","sql","4350"
"2015-02-01 00:00:00","typescript","128"
"2015-03-01 00:00:00","ada","30"
"2015-03-01 00:00:00","assembly","380"
"2015-03-01 00:00:00","awk","343"
"2015-03-01 00:00:00","bash","1449"
"2015-03-01 00:00:00","basic","13"
"2015-03-01 00:00:00","c","3904"
"2015-03-01 00:00:00","c#","13204"
"2015-03-01 00:00:00","c++","7359"
"2015-03-01 00:00:00","clojure","186"
"2015-03-01 00:00:00","cobol","22"
"2015-03-01 00:00:00","coffeescript","126"
"2015-03-01 00:00:00","curl","414"
"2015-03-01 00:00:00","delphi","408"
"2015-03-01 00:00:00","fortran","138"
"2015-03-01 00:00:00","go","468"
"2015-03-01 00:00:00","groovy","275"
"2015-03-01 00:00:00","haskell","550"
"2015-03-01 00:00:00","java","19649"
"2015-03-01 00:00:00","javascript","20415"
"2015-03-01 00:00:00","julia","72"
"2015-03-01 00:00:00","kotlin","24"
"2015-03-01 00:00:00","matlab","1369"
"2015-03-01 00:00:00","objective-c","3265"
"2015-03-01 00:00:00","pascal","20"
"2015-03-01 00:00:00","perl","628"
"2015-03-01 00:00:00","php","14808"
"2015-03-01 00:00:00","prolog","158"
"2015-03-01 00:00:00","python","11537"
"2015-03-01 00:00:00","r","3551"
"2015-03-01 00:00:00","ruby","2452"
"2015-03-01 00:00:00","rust","174"
"2015-03-01 00:00:00","scala","1011"
"2015-03-01 00:00:00","sql","4940"
"2015-03-01 00:00:00","typescript","156"
"2015-04-01 00:00:00","ada","15"
"2015-04-01 00:00:00","assembly","433"
"2015-04-01 00:00:00","awk","330"
"2015-04-01 00:00:00","bash","1404"
"2015-04-01 00:00:00","basic","13"
"2015-04-01 00:00:00","c","3939"
"2015-04-01 00:00:00","c#","13029"
"2015-04-01 00:00:00","c++","7111"
"2015-04-01 00:00:00","clojure","172"
"2015-04-01 00:00:00","cobol","17"
"2015-04-01 00:00:00","coffeescript","128"
"2015-04-01 00:00:00","curl","404"
"2015-04-01 00:00:00","delphi","386"
"2015-04-01 00:00:00","fortran","129"
"2015-04-01 00:00:00","go","386"
"2015-04-01 00:00:00","groovy","198"
"2015-04-01 00:00:00","haskell","484"
"2015-04-01 00:00:00","java","19693"
"2015-04-01 00:00:00","javascript","20810"
"2015-04-01 00:00:00","julia","55"
"2015-04-01 00:00:00","kotlin","31"
"2015-04-01 00:00:00","matlab","1511"
"2015-04-01 00:00:00","objective-c","3368"
"2015-04-01 00:00:00","pascal","31"
"2015-04-01 00:00:00","perl","574"
"2015-04-01 00:00:00","php","14852"
"2015-04-01 00:00:00","prolog","117"
"2015-04-01 00:00:00","python","11374"
"2015-04-01 00:00:00","r","3312"
"2015-04-01 00:00:00","ruby","2493"
"2015-04-01 00:00:00","rust","200"
"2015-04-01 00:00:00","scala","1027"
"2015-04-01 00:00:00","sql","4858"
"2015-04-01 00:00:00","typescript","175"
"2015-05-01 00:00:00","ada","18"
"2015-05-01 00:00:00","assembly","367"
"2015-05-01 00:00:00","awk","297"
"2015-05-01 00:00:00","bash","1258"
"2015-05-01 00:00:00","basic","11"
"2015-05-01 00:00:00","c","3510"
"2015-05-01 00:00:00","c#","13303"
"2015-05-01 00:00:00","c++","6784"
"2015-05-01 00:00:00","clojure","159"
"2015-05-01 00:00:00","cobol","9"
"2015-05-01 00:00:00","coffeescript","124"
"2015-05-01 00:00:00","curl","445"
"2015-05-01 00:00:00","delphi","399"
"2015-05-01 00:00:00","fortran","120"
"2015-05-01 00:00:00","go","396"
"2015-05-01 00:00:00","groovy","188"
"2015-05-01 00:00:00","haskell","477"
"2015-05-01 00:00:00","java","18435"
"2015-05-01 00:00:00","javascript","22034"
"2015-05-01 00:00:00","julia","74"
"2015-05-01 00:00:00","kotlin","19"
"2015-05-01 00:00:00","matlab","1382"
"2015-05-01 00:00:00","objective-c","3126"
"2015-05-01 00:00:00","pascal","14"
"2015-05-01 00:00:00","perl","525"
"2015-05-01 00:00:00","php","14462"
"2015-05-01 00:00:00","prolog","143"
"2015-05-01 00:00:00","python","11168"
"2015-05-01 00:00:00","r","3408"
"2015-05-01 00:00:00","ruby","2498"
"2015-05-01 00:00:00","rust","251"
"2015-05-01 00:00:00","scala","1051"
"2015-05-01 00:00:00","sql","4659"
"2015-05-01 00:00:00","typescript","247"
"2015-06-01 00:00:00","ada","16"
"2015-06-01 00:00:00","assembly","265"
"2015-06-01 00:00:00","awk","322"
"2015-06-01 00:00:00","bash","1370"
"2015-06-01 00:00:00","basic","4"
"2015-06-01 00:00:00","c","3153"
"2015-06-01 00:00:00","c#","13479"
"2015-06-01 00:00:00","c++","6491"
"2015-06-01 00:00:00","clojure","146"
"2015-06-01 00:00:00","cobol","9"
"2015-06-01 00:00:00","coffeescript","122"
"2015-06-01 00:00:00","curl","400"
"2015-06-01 00:00:00","delphi","387"
"2015-06-01 00:00:00","fortran","149"
"2015-06-01 00:00:00","go","421"
"2015-06-01 00:00:00","groovy","210"
"2015-06-01 00:00:00","haskell","388"
"2015-06-01 00:00:00","java","17751"
"2015-06-01 00:00:00","javascript","22508"
"2015-06-01 00:00:00","julia","73"
"2015-06-01 00:00:00","kotlin","31"
"2015-06-01 00:00:00","matlab","1209"
"2015-06-01 00:00:00","objective-c","3107"
"2015-06-01 00:00:00","pascal","18"
"2015-06-01 00:00:00","perl","569"
"2015-06-01 00:00:00","php","14254"
"2015-06-01 00:00:00","prolog","100"
"2015-06-01 00:00:00","python","11741"
"2015-06-01 00:00:00","r","3412"
"2015-06-01 00:00:00","ruby","2570"
"2015-06-01 00:00:00","rust","235"
"2015-06-01 00:00:00","scala","1184"
"2015-06-01 00:00:00","sql","4727"
"2015-06-01 00:00:00","typescript","261"
"2015-07-01 00:00:00","ada","19"
"2015-07-01 00:00:00","assembly","259"
"2015-07-01 00:00:00","awk","308"
"2015-07-01 00:00:00","bash","1278"
"2015-07-01 00:00:00","basic","6"
"2015-07-01 00:00:00","c","2801"
"2015-07-01 00:00:00","c#","14055"
"2015-07-01 00:00:00","c++","6678"
"2015-07-01 00:00:00","clojure","167"
"2015-07-01 00:00:00","cobol","5"
"2015-07-01 00:00:00","coffeescript","120"
"2015-07-01 00:00:00","curl","441"
"2015-07-01 00:00:00","delphi","385"
"2015-07-01 00:00:00","fortran","150"
"2015-07-01 00:00:00","go","465"
"2015-07-01 00:00:00","groovy","290"
"2015-07-01 00:00:00","haskell","427"
"2015-07-01 00:00:00","java","18590"
"2015-07-01 00:00:00","javascript","23847"
"2015-07-01 00:00:00","julia","61"
"2015-07-01 00:00:00","kotlin","29"
"2015-07-01 00:00:00","matlab","1120"
"2015-07-01 00:00:00","objective-c","3308"
"2015-07-01 00:00:00","pascal","16"
"2015-07-01 00:00:00","perl","578"
"2015-07-01 00:00:00","php","15254"
"2015-07-01 00:00:00","prolog","63"
"2015-07-01 00:00:00","python","12266"
"2015-07-01 00:00:00","r","3972"
"2015-07-01 00:00:00","ruby","2578"
"2015-07-01 00:00:00","rust","210"
"2015-07-01 00:00:00","scala","1186"
"2015-07-01 00:00:00","sql","4838"
"2015-07-01 00:00:00","typescript","289"
"2015-08-01 00:00:00","ada","11"
"2015-08-01 00:00:00","assembly","218"
"2015-08-01 00:00:00","awk","244"
"2015-08-01 00:00:00","bash","1173"
"2015-08-01 00:00:00","basic","4"
"2015-08-01 00:00:00","c","2566"
"2015-08-01 00:00:00","c#","13184"
"2015-08-01 00:00:00","c++","5855"
"2015-08-01 00:00:00","clojure","215"
"2015-08-01 00:00:00","cobol","12"
"2015-08-01 00:00:00","coffeescript","96"
"2015-08-01 00:00:00","curl","446"
"2015-08-01 00:00:00","delphi","384"
"2015-08-01 00:00:00","fortran","148"
"2015-08-01 00:00:00","go","445"
"2015-08-01 00:00:00","groovy","210"
"2015-08-01 00:00:00","haskell","395"
"2015-08-01 00:00:00","java","17007"
"2015-08-01 00:00:00","javascript","22059"
"2015-08-01 00:00:00","julia","56"
"2015-08-01 00:00:00","kotlin","21"
"2015-08-01 00:00:00","matlab","1014"
"2015-08-01 00:00:00","objective-c","2972"
"2015-08-01 00:00:00","pascal","14"
"2015-08-01 00:00:00","perl","551"
"2015-08-01 00:00:00","php","14138"
"2015-08-01 00:00:00","prolog","32"
"2015-08-01 00:00:00","python","11185"
"2015-08-01 00:00:00","r","3489"
"2015-08-01 00:00:00","ruby","2308"
"2015-08-01 00:00:00","rust","187"
"2015-08-01 00:00:00","scala","1144"
"2015-08-01 00:00:00","sql","4469"
"2015-08-01 00:00:00","typescript","298"
"2015-09-01 00:00:00","ada","13"
"2015-09-01 00:00:00","assembly","257"
"2015-09-01 00:00:00","awk","254"
"2015-09-01 00:00:00","bash","1132"
"2015-09-01 00:00:00","basic","17"
"2015-09-01 00:00:00","c","3079"
"2015-09-01 00:00:00","c#","12891"
"2015-09-01 00:00:00","c++","5897"
"2015-09-01 00:00:00","clojure","175"
"2015-09-01 00:00:00","cobol","11"
"2015-09-01 00:00:00","coffeescript","108"
"2015-09-01 00:00:00","curl","393"
"2015-09-01 00:00:00","delphi","358"
"2015-09-01 00:00:00","fortran","121"
"2015-09-01 00:00:00","go","418"
"2015-09-01 00:00:00","groovy","224"
"2015-09-01 00:00:00","haskell","465"
"2015-09-01 00:00:00","java","16874"
"2015-09-01 00:00:00","javascript","21317"
"2015-09-01 00:00:00","julia","64"
"2015-09-01 00:00:00","kotlin","18"
"2015-09-01 00:00:00","matlab","931"
"2015-09-01 00:00:00","objective-c","2868"
"2015-09-01 00:00:00","pascal","21"
"2015-09-01 00:00:00","perl","464"
"2015-09-01 00:00:00","php","13428"
"2015-09-01 00:00:00","prolog","104"
"2015-09-01 00:00:00","python","10934"
"2015-09-01 00:00:00","r","3320"
"2015-09-01 00:00:00","ruby","2153"
"2015-09-01 00:00:00","rust","159"
"2015-09-01 00:00:00","scala","1192"
"2015-09-01 00:00:00","sql","4304"
"2015-09-01 00:00:00","typescript","300"
"2015-10-01 00:00:00","ada","14"
"2015-10-01 00:00:00","assembly","428"
"2015-10-01 00:00:00","awk","279"
"2015-10-01 00:00:00","bash","1319"
"2015-10-01 00:00:00","basic","16"
"2015-10-01 00:00:00","c","3666"
"2015-10-01 00:00:00","c#","12759"
"2015-10-01 00:00:00","c++","7027"
"2015-10-01 00:00:00","clojure","144"
"2015-10-01 00:00:00","cobol","18"
"2015-10-01 00:00:00","coffeescript","106"
"2015-10-01 00:00:00","curl","406"
"2015-10-01 00:00:00","delphi","421"
"2015-10-01 00:00:00","fortran","104"
"2015-10-01 00:00:00","go","425"
"2015-10-01 00:00:00","groovy","238"
"2015-10-01 00:00:00","haskell","545"
"2015-10-01 00:00:00","java","18467"
"2015-10-01 00:00:00","javascript","21730"
"2015-10-01 00:00:00","julia","85"
"2015-10-01 00:00:00","kotlin","58"
"2015-10-01 00:00:00","matlab","1055"
"2015-10-01 00:00:00","objective-c","2824"
"2015-10-01 00:00:00","pascal","23"
"2015-10-01 00:00:00","perl","495"
"2015-10-01 00:00:00","php","13814"
"2015-10-01 00:00:00","prolog","144"
"2015-10-01 00:00:00","python","12449"
"2015-10-01 00:00:00","r","3669"
"2015-10-01 00:00:00","ruby","2186"
"2015-10-01 00:00:00","rust","133"
"2015-10-01 00:00:00","scala","1098"
"2015-10-01 00:00:00","sql","4413"
"2015-10-01 00:00:00","typescript","336"
"2015-11-01 00:00:00","ada","7"
"2015-11-01 00:00:00","assembly","401"
"2015-11-01 00:00:00","awk","252"
"2015-11-01 00:00:00","bash","1246"
"2015-11-01 00:00:00","basic","4"
"2015-11-01 00:00:00","c","3600"
"2015-11-01 00:00:00","c#","12338"
"2015-11-01 00:00:00","c++","7072"
"2015-11-01 00:00:00","clojure","164"
"2015-11-01 00:00:00","cobol","9"
"2015-11-01 00:00:00","coffeescript","89"
"2015-11-01 00:00:00","curl","357"
"2015-11-01 00:00:00","delphi","388"
"2015-11-01 00:00:00","fortran","110"
"2015-11-01 00:00:00","go","432"
"2015-11-01 00:00:00","groovy","224"
"2015-11-01 00:00:00","haskell","455"
"2015-11-01 00:00:00","java","17696"
"2015-11-01 00:00:00","javascript","21173"
"2015-11-01 00:00:00","julia","76"
"2015-11-01 00:00:00","kotlin","81"
"2015-11-01 00:00:00","matlab","1114"
"2015-11-01 00:00:00","objective-c","2334"
"2015-11-01 00:00:00","pascal","19"
"2015-11-01 00:00:00","perl","463"
"2015-11-01 00:00:00","php","13203"
"2015-11-01 00:00:00","prolog","173"
"2015-11-01 00:00:00","python","12251"
"2015-11-01 00:00:00","r","3531"
"2015-11-01 00:00:00","ruby","1953"
"2015-11-01 00:00:00","rust","138"
"2015-11-01 00:00:00","scala","1081"
"2015-11-01 00:00:00","sql","4347"
"2015-11-01 00:00:00","typescript","407"
"2015-12-01 00:00:00","ada","8"
"2015-12-01 00:00:00","assembly","351"
"2015-12-01 00:00:00","awk","245"
"2015-12-01 00:00:00","bash","1182"
"2015-12-01 00:00:00","basic","6"
"2015-12-01 00:00:00","c","3081"
"2015-12-01 00:00:00","c#","12098"
"2015-12-01 00:00:00","c++","6541"
"2015-12-01 00:00:00","clojure","133"
"2015-12-01 00:00:00","cobol","13"
"2015-12-01 00:00:00","coffeescript","84"
"2015-12-01 00:00:00","curl","374"
"2015-12-01 00:00:00","delphi","315"
"2015-12-01 00:00:00","fortran","77"
"2015-12-01 00:00:00","go","418"
"2015-12-01 00:00:00","groovy","184"
"2015-12-01 00:00:00","haskell","430"
"2015-12-01 00:00:00","java","16475"
"2015-12-01 00:00:00","javascript","20990"
"2015-12-01 00:00:00","julia","61"
"2015-12-01 00:00:00","kotlin","71"
"2015-12-01 00:00:00","matlab","870"
"2015-12-01 00:00:00","objective-c","2249"
"2015-12-01 00:00:00","pascal","32"
"2015-12-01 00:00:00","perl","477"
"2015-12-01 00:00:00","php","13620"
"2015-12-01 00:00:00","prolog","152"
"2015-12-01 00:00:00","python","11611"
"2015-12-01 00:00:00","r","3173"
"2015-12-01 00:00:00","ruby","2026"
"2015-12-01 00:00:00","rust","130"
"2015-12-01 00:00:00","scala","1101"
"2015-12-01 00:00:00","sql","4221"
"2015-12-01 00:00:00","typescript","503"
"2016-01-01 00:00:00","ada","25"
"2016-01-01 00:00:00","assembly","247"
"2016-01-01 00:00:00","awk","257"
"2016-01-01 00:00:00","bash","1242"
"2016-01-01 00:00:00","basic","9"
"2016-01-01 00:00:00","c","3033"
"2016-01-01 00:00:00","c#","12325"
"2016-01-01 00:00:00","c++","6084"
"2016-01-01 00:00:00","clojure","210"
"2016-01-01 00:00:00","cobol","10"
"2016-01-01 00:00:00","coffeescript","87"
"2016-01-01 00:00:00","curl","395"
"2016-01-01 00:00:00","delphi","318"
"2016-01-01 00:00:00","fortran","109"
"2016-01-01 00:00:00","go","494"
"2016-01-01 00:00:00","groovy","193"
"2016-01-01 00:00:00","haskell","401"
"2016-01-01 00:00:00","java","16556"
"2016-01-01 00:00:00","javascript","22426"
"2016-01-01 00:00:00","julia","75"
"2016-01-01 00:00:00","kotlin","88"
"2016-01-01 00:00:00","matlab","929"
"2016-01-01 00:00:00","objective-c","2354"
"2016-01-01 00:00:00","pascal","26"
"2016-01-01 00:00:00","perl","445"
"2016-01-01 00:00:00","php","14440"
"2016-01-01 00:00:00","prolog","102"
"2016-01-01 00:00:00","python","12310"
"2016-01-01 00:00:00","r","3525"
"2016-01-01 00:00:00","ruby","2140"
"2016-01-01 00:00:00","rust","152"
"2016-01-01 00:00:00","scala","1033"
"2016-01-01 00:00:00","sql","4450"
"2016-01-01 00:00:00","typescript","622"
"2016-02-01 00:00:00","ada","12"
"2016-02-01 00:00:00","assembly","346"
"2016-02-01 00:00:00","awk","287"
"2016-02-01 00:00:00","bash","1399"
"2016-02-01 00:00:00","basic","6"
"2016-02-01 00:00:00","c","3267"
"2016-02-01 00:00:00","c#","12694"
"2016-02-01 00:00:00","c++","6535"
"2016-02-01 00:00:00","clojure","243"
"2016-02-01 00:00:00","cobol","7"
"2016-02-01 00:00:00","coffeescript","85"
"2016-02-01 00:00:00","curl","498"
"2016-02-01 00:00:00","delphi","355"
"2016-02-01 00:00:00","fortran","111"
"2016-02-01 00:00:00","go","540"
"2016-02-01 00:00:00","groovy","238"
"2016-02-01 00:00:00","haskell","435"
"2016-02-01 00:00:00","java","17768"
"2016-02-01 00:00:00","javascript","22367"
"2016-02-01 00:00:00","julia","94"
"2016-02-01 00:00:00","kotlin","127"
"2016-02-01 00:00:00","matlab","1065"
"2016-02-01 00:00:00","objective-c","2325"
"2016-02-01 00:00:00","pascal","25"
"2016-02-01 00:00:00","perl","500"
"2016-02-01 00:00:00","php","14786"
"2016-02-01 00:00:00","prolog","84"
"2016-02-01 00:00:00","python","13214"
"2016-02-01 00:00:00","r","3576"
"2016-02-01 00:00:00","ruby","2246"
"2016-02-01 00:00:00","rust","145"
"2016-02-01 00:00:00","scala","1141"
"2016-02-01 00:00:00","sql","4649"
"2016-02-01 00:00:00","typescript","745"
"2016-03-01 00:00:00","ada","24"
"2016-03-01 00:00:00","assembly","435"
"2016-03-01 00:00:00","awk","377"
"2016-03-01 00:00:00","bash","1426"
"2016-03-01 00:00:00","basic","5"
"2016-03-01 00:00:00","c","3430"
"2016-03-01 00:00:00","c#","13553"
"2016-03-01 00:00:00","c++","6993"
"2016-03-01 00:00:00","clojure","176"
"2016-03-01 00:00:00","cobol","17"
"2016-03-01 00:00:00","coffeescript","93"
"2016-03-01 00:00:00","curl","500"
"2016-03-01 00:00:00","delphi","338"
"2016-03-01 00:00:00","fortran","136"
"2016-03-01 00:00:00","go","592"
"2016-03-01 00:00:00","groovy","280"
"2016-03-01 00:00:00","haskell","521"
"2016-03-01 00:00:00","java","19789"
"2016-03-01 00:00:00","javascript","23975"
"2016-03-01 00:00:00","julia","87"
"2016-03-01 00:00:00","kotlin","133"
"2016-03-01 00:00:00","matlab","1228"
"2016-03-01 00:00:00","objective-c","2274"
"2016-03-01 00:00:00","pascal","20"
"2016-03-01 00:00:00","perl","467"
"2016-03-01 00:00:00","php","15000"
"2016-03-01 00:00:00","prolog","132"
"2016-03-01 00:00:00","python","14022"
"2016-03-01 00:00:00","r","4036"
"2016-03-01 00:00:00","ruby","2255"
"2016-03-01 00:00:00","rust","183"
"2016-03-01 00:00:00","scala","1301"
"2016-03-01 00:00:00","sql","5082"
"2016-03-01 00:00:00","typescript","839"
"2016-04-01 00:00:00","ada","19"
"2016-04-01 00:00:00","assembly","413"
"2016-04-01 00:00:00","awk","289"
"2016-04-01 00:00:00","bash","1540"
"2016-04-01 00:00:00","basic","13"
"2016-04-01 00:00:00","c","3347"
"2016-04-01 00:00:00","c#","13660"
"2016-04-01 00:00:00","c++","6872"
"2016-04-01 00:00:00","clojure","186"
"2016-04-01 00:00:00","cobol","19"
"2016-04-01 00:00:00","coffeescript","71"
"2016-04-01 00:00:00","curl","459"
"2016-04-01 00:00:00","delphi","326"
"2016-04-01 00:00:00","fortran","84"
"2016-04-01 00:00:00","go","601"
"2016-04-01 00:00:00","groovy","253"
"2016-04-01 00:00:00","haskell","562"
"2016-04-01 00:00:00","java","19397"
"2016-04-01 00:00:00","javascript","23341"
"2016-04-01 00:00:00","julia","94"
"2016-04-01 00:00:00","kotlin","102"
"2016-04-01 00:00:00","matlab","1106"
"2016-04-01 00:00:00","objective-c","2217"
"2016-04-01 00:00:00","pascal","24"
"2016-04-01 00:00:00","perl","492"
"2016-04-01 00:00:00","php","14353"
"2016-04-01 00:00:00","prolog","141"
"2016-04-01 00:00:00","python","13588"
"2016-04-01 00:00:00","r","4115"
"2016-04-01 00:00:00","ruby","2211"
"2016-04-01 00:00:00","rust","157"
"2016-04-01 00:00:00","scala","1260"
"2016-04-01 00:00:00","sql","4941"
"2016-04-01 00:00:00","typescript","942"
"2016-05-01 00:00:00","ada","12"
"2016-05-01 00:00:00","assembly","324"
"2016-05-01 00:00:00","awk","323"
"2016-05-01 00:00:00","bash","1414"
"2016-05-01 00:00:00","basic","7"
"2016-05-01 00:00:00","c","2714"
"2016-05-01 00:00:00","c#","13450"
"2016-05-01 00:00:00","c++","6110"
"2016-05-01 00:00:00","clojure","195"
"2016-05-01 00:00:00","cobol","12"
"2016-05-01 00:00:00","coffeescript","77"
"2016-05-01 00:00:00","curl","437"
"2016-05-01 00:00:00","delphi","337"
"2016-05-01 00:00:00","fortran","93"
"2016-05-01 00:00:00","go","577"
"2016-05-01 00:00:00","groovy","201"
"2016-05-01 00:00:00","haskell","517"
"2016-05-01 00:00:00","java","16934"
"2016-05-01 00:00:00","javascript","22888"
"2016-05-01 00:00:00","julia","101"
"2016-05-01 00:00:00","kotlin","102"
"2016-05-01 00:00:00","matlab","1122"
"2016-05-01 00:00:00","objective-c","1987"
"2016-05-01 00:00:00","pascal","16"
"2016-05-01 00:00:00","perl","485"
"2016-05-01 00:00:00","php","14336"
"2016-05-01 00:00:00","prolog","176"
"2016-05-01 00:00:00","python","13065"
"2016-05-01 00:00:00","r","3788"
"2016-05-01 00:00:00","ruby","2127"
"2016-05-01 00:00:00","rust","186"
"2016-05-01 00:00:00","scala","1196"
"2016-05-01 00:00:00","sql","4840"
"2016-05-01 00:00:00","typescript","1066"
"2016-06-01 00:00:00","ada","4"
"2016-06-01 00:00:00","assembly","289"
"2016-06-01 00:00:00","awk","265"
"2016-06-01 00:00:00","bash","1334"
"2016-06-01 00:00:00","basic","8"
"2016-06-01 00:00:00","c","2291"
"2016-06-01 00:00:00","c#","13015"
"2016-06-01 00:00:00","c++","5694"
"2016-06-01 00:00:00","clojure","142"
"2016-06-01 00:00:00","cobol","9"
"2016-06-01 00:00:00","coffeescript","71"
"2016-06-01 00:00:00","curl","407"
"2016-06-01 00:00:00","delphi","281"
"2016-06-01 00:00:00","fortran","133"
"2016-06-01 00:00:00","go","546"
"2016-06-01 00:00:00","groovy","235"
"2016-06-01 00:00:00","haskell","346"
"2016-06-01 00:00:00","java","15862"
"2016-06-01 00:00:00","javascript","22058"
"2016-06-01 00:00:00","julia","86"
"2016-06-01 00:00:00","kotlin","103"
"2016-06-01 00:00:00","matlab","982"
"2016-06-01 00:00:00","objective-c","2070"
"2016-06-01 00:00:00","pascal","13"
"2016-06-01 00:00:00","perl","434"
"2016-06-01 00:00:00","php","13536"
"2016-06-01 00:00:00","prolog","71"
"2016-06-01 00:00:00","python","12866"
"2016-06-01 00:00:00","r","3852"
"2016-06-01 00:00:00","ruby","2100"
"2016-06-01 00:00:00","rust","224"
"2016-06-01 00:00:00","scala","1211"
"2016-06-01 00:00:00","sql","4941"
"2016-06-01 00:00:00","typescript","1107"
"2016-07-01 00:00:00","ada","6"
"2016-07-01 00:00:00","assembly","202"
"2016-07-01 00:00:00","awk","274"
"2016-07-01 00:00:00","bash","1293"
"2016-07-01 00:00:00","basic","6"
"2016-07-01 00:00:00","c","2340"
"2016-07-01 00:00:00","c#","11940"
"2016-07-01 00:00:00","c++","5446"
"2016-07-01 00:00:00","clojure","147"
"2016-07-01 00:00:00","cobol","15"
"2016-07-01 00:00:00","coffeescript","80"
"2016-07-01 00:00:00","curl","441"
"2016-07-01 00:00:00","delphi","242"
"2016-07-01 00:00:00","fortran","132"
"2016-07-01 00:00:00","go","536"
"2016-07-01 00:00:00","groovy","227"
"2016-07-01 00:00:00","haskell","335"
"2016-07-01 00:00:00","java","14879"
"2016-07-01 00:00:00","javascript","22088"
"2016-07-01 00:00:00","julia","99"
"2016-07-01 00:00:00","kotlin","83"
"2016-07-01 00:00:00","matlab","887"
"2016-07-01 00:00:00","objective-c","1865"
"2016-07-01 00:00:00","pascal","13"
"2016-07-01 00:00:00","perl","413"
"2016-07-01 00:00:00","php","12826"
"2016-07-01 00:00:00","prolog","79"
"2016-07-01 00:00:00","python","12774"
"2016-07-01 00:00:00","r","3739"
"2016-07-01 00:00:00","ruby","1895"
"2016-07-01 00:00:00","rust","175"
"2016-07-01 00:00:00","scala","1184"
"2016-07-01 00:00:00","sql","4357"
"2016-07-01 00:00:00","typescript","1283"
"2016-08-01 00:00:00","ada","9"
"2016-08-01 00:00:00","assembly","256"
"2016-08-01 00:00:00","awk","289"
"2016-08-01 00:00:00","bash","1403"
"2016-08-01 00:00:00","basic","14"
"2016-08-01 00:00:00","c","2201"
"2016-08-01 00:00:00","c#","12680"
"2016-08-01 00:00:00","c++","5003"
"2016-08-01 00:00:00","clojure","156"
"2016-08-01 00:00:00","cobol","12"
"2016-08-01 00:00:00","coffeescript","84"
"2016-08-01 00:00:00","curl","411"
"2016-08-01 00:00:00","delphi","337"
"2016-08-01 00:00:00","fortran","116"
"2016-08-01 00:00:00","go","567"
"2016-08-01 00:00:00","groovy","266"
"2016-08-01 00:00:00","haskell","400"
"2016-08-01 00:00:00","java","15131"
"2016-08-01 00:00:00","javascript","22570"
"2016-08-01 00:00:00","julia","91"
"2016-08-01 00:00:00","kotlin","87"
"2016-08-01 00:00:00","matlab","931"
"2016-08-01 00:00:00","objective-c","1803"
"2016-08-01 00:00:00","pascal","8"
"2016-08-01 00:00:00","perl","457"
"2016-08-01 00:00:00","php","12820"
"2016-08-01 00:00:00","prolog","38"
"2016-08-01 00:00:00","python","12872"
"2016-08-01 00:00:00","r","3778"
"2016-08-01 00:00:00","ruby","1872"
"2016-08-01 00:00:00","rust","238"
"2016-08-01 00:00:00","scala","1292"
"2016-08-01 00:00:00","sql","4430"
"2016-08-01 00:00:00","typescript","1364"
"2016-09-01 00:00:00","ada","11"
"2016-09-01 00:00:00","assembly","335"
"2016-09-01 00:00:00","awk","292"
"2016-09-01 00:00:00","bash","1278"
"2016-09-01 00:00:00","basic","5"
"2016-09-01 00:00:00","c","2499"
"2016-09-01 00:00:00","c#","11061"
"2016-09-01 00:00:00","c++","5120"
"2016-09-01 00:00:00","clojure","152"
"2016-09-01 00:00:00","cobol","16"
"2016-09-01 00:00:00","coffeescript","60"
"2016-09-01 00:00:00","curl","381"
"2016-09-01 00:00:00","delphi","287"
"2016-09-01 00:00:00","fortran","90"
"2016-09-01 00:00:00","go","510"
"2016-09-01 00:00:00","groovy","253"
"2016-09-01 00:00:00","haskell","390"
"2016-09-01 00:00:00","java","14589"
"2016-09-01 00:00:00","javascript","20341"
"2016-09-01 00:00:00","julia","106"
"2016-09-01 00:00:00","kotlin","109"
"2016-09-01 00:00:00","matlab","843"
"2016-09-01 00:00:00","objective-c","1674"
"2016-09-01 00:00:00","pascal","17"
"2016-09-01 00:00:00","perl","461"
"2016-09-01 00:00:00","php","12040"
"2016-09-01 00:00:00","prolog","70"
"2016-09-01 00:00:00","python","12295"
"2016-09-01 00:00:00","r","3298"
"2016-09-01 00:00:00","ruby","1919"
"2016-09-01 00:00:00","rust","169"
"2016-09-01 00:00:00","scala","1269"
"2016-09-01 00:00:00","sql","4310"
"2016-09-01 00:00:00","typescript","1347"
"2016-10-01 00:00:00","ada","17"
"2016-10-01 00:00:00","assembly","396"
"2016-10-01 00:00:00","awk","266"
"2016-10-01 00:00:00","bash","1273"
"2016-10-01 00:00:00","basic","9"
"2016-10-01 00:00:00","c","3197"
"2016-10-01 00:00:00","c#","11421"
"2016-10-01 00:00:00","c++","5951"
"2016-10-01 00:00:00","clojure","140"
"2016-10-01 00:00:00","cobol","13"
"2016-10-01 00:00:00","coffeescript","51"
"2016-10-01 00:00:00","curl","360"
"2016-10-01 00:00:00","delphi","268"
"2016-10-01 00:00:00","fortran","114"
"2016-10-01 00:00:00","go","529"
"2016-10-01 00:00:00","groovy","241"
"2016-10-01 00:00:00","haskell","419"
"2016-10-01 00:00:00","java","15252"
"2016-10-01 00:00:00","javascript","20349"
"2016-10-01 00:00:00","julia","96"
"2016-10-01 00:00:00","kotlin","109"
"2016-10-01 00:00:00","matlab","888"
"2016-10-01 00:00:00","objective-c","1625"
"2016-10-01 00:00:00","pascal","17"
"2016-10-01 00:00:00","perl","400"
"2016-10-01 00:00:00","php","12157"
"2016-10-01 00:00:00","prolog","110"
"2016-10-01 00:00:00","python","13460"
"2016-10-01 00:00:00","r","3770"
"2016-10-01 00:00:00","ruby","1816"
"2016-10-01 00:00:00","rust","195"
"2016-10-01 00:00:00","scala","1279"
"2016-10-01 00:00:00","sql","4587"
"2016-10-01 00:00:00","typescript","1492"
"2016-11-01 00:00:00","ada","20"
"2016-11-01 00:00:00","assembly","411"
"2016-11-01 00:00:00","awk","302"
"2016-11-01 00:00:00","bash","1277"
"2016-11-01 00:00:00","basic","11"
"2016-11-01 00:00:00","c","3253"
"2016-11-01 00:00:00","c#","11613"
"2016-11-01 00:00:00","c++","6048"
"2016-11-01 00:00:00","clojure","144"
"2016-11-01 00:00:00","cobol","12"
"2016-11-01 00:00:00","coffeescript","52"
"2016-11-01 00:00:00","curl","387"
"2016-11-01 00:00:00","delphi","275"
"2016-11-01 00:00:00","fortran","112"
"2016-11-01 00:00:00","go","476"
"2016-11-01 00:00:00","groovy","213"
"2016-11-01 00:00:00","haskell","410"
"2016-11-01 00:00:00","java","15587"
"2016-11-01 00:00:00","javascript","20402"
"2016-11-01 00:00:00","julia","93"
"2016-11-01 00:00:00","kotlin","137"
"2016-11-01 00:00:00","matlab","773"
"2016-11-01 00:00:00","objective-c","1553"
"2016-11-01 00:00:00","pascal","10"
"2016-11-01 00:00:00","perl","365"
"2016-11-01 00:00:00","php","11872"
"2016-11-01 00:00:00","prolog","189"
"2016-11-01 00:00:00","python","14129"
"2016-11-01 00:00:00","r","3547"
"2016-11-01 00:00:00","ruby","1752"
"2016-11-01 00:00:00","rust","184"
"2016-11-01 00:00:00","scala","1339"
"2016-11-01 00:00:00","sql","4705"
"2016-11-01 00:00:00","typescript","1407"
"2016-12-01 00:00:00","ada","19"
"2016-12-01 00:00:00","assembly","310"
"2016-12-01 00:00:00","awk","251"
"2016-12-01 00:00:00","bash","1176"
"2016-12-01 00:00:00","basic","9"
"2016-12-01 00:00:00","c","2790"
"2016-12-01 00:00:00","c#","10645"
"2016-12-01 00:00:00","c++","5201"
"2016-12-01 00:00:00","clojure","137"
"2016-12-01 00:00:00","cobol","5"
"2016-12-01 00:00:00","coffeescript","49"
"2016-12-01 00:00:00","curl","337"
"2016-12-01 00:00:00","delphi","252"
"2016-12-01 00:00:00","fortran","98"
"2016-12-01 00:00:00","go","494"
"2016-12-01 00:00:00","groovy","183"
"2016-12-01 00:00:00","haskell","388"
"2016-12-01 00:00:00","java","13779"
"2016-12-01 00:00:00","javascript","19687"
"2016-12-01 00:00:00","julia","76"
"2016-12-01 00:00:00","kotlin","108"
"2016-12-01 00:00:00","matlab","727"
"2016-12-01 00:00:00","objective-c","1485"
"2016-12-01 00:00:00","pascal","18"
"2016-12-01 00:00:00","perl","336"
"2016-12-01 00:00:00","php","11385"
"2016-12-01 00:00:00","prolog","147"
"2016-12-01 00:00:00","python","12990"
"2016-12-01 00:00:00","r","3141"
"2016-12-01 00:00:00","ruby","1625"
"2016-12-01 00:00:00","rust","202"
"2016-12-01 00:00:00","scala","1176"
"2016-12-01 00:00:00","sql","4154"
"2016-12-01 00:00:00","typescript","1401"
"2017-01-01 00:00:00","ada","16"
"2017-01-01 00:00:00","assembly","306"
"2017-01-01 00:00:00","awk","218"
"2017-01-01 00:00:00","bash","1221"
"2017-01-01 00:00:00","basic","8"
"2017-01-01 00:00:00","c","2751"
"2017-01-01 00:00:00","c#","11653"
"2017-01-01 00:00:00","c++","5630"
"2017-01-01 00:00:00","clojure","139"
"2017-01-01 00:00:00","cobol","7"
"2017-01-01 00:00:00","coffeescript","37"
"2017-01-01 00:00:00","curl","391"
"2017-01-01 00:00:00","delphi","285"
"2017-01-01 00:00:00","fortran","93"
"2017-01-01 00:00:00","go","556"
"2017-01-01 00:00:00","groovy","240"
"2017-01-01 00:00:00","haskell","423"
"2017-01-01 00:00:00","java","14499"
"2017-01-01 00:00:00","javascript","21318"
"2017-01-01 00:00:00","julia","91"
"2017-01-01 00:00:00","kotlin","144"
"2017-01-01 00:00:00","matlab","784"
"2017-01-01 00:00:00","objective-c","1455"
"2017-01-01 00:00:00","pascal","28"
"2017-01-01 00:00:00","perl","322"
"2017-01-01 00:00:00","php","12518"
"2017-01-01 00:00:00","prolog","105"
"2017-01-01 00:00:00","python","14219"
"2017-01-01 00:00:00","r","3481"
"2017-01-01 00:00:00","ruby","1820"
"2017-01-01 00:00:00","rust","226"
"2017-01-01 00:00:00","scala","1167"
"2017-01-01 00:00:00","sql","4377"
"2017-01-01 00:00:00","typescript","1552"
"2017-02-01 00:00:00","ada","15"
"2017-02-01 00:00:00","assembly","301"
"2017-02-01 00:00:00","awk","334"
"2017-02-01 00:00:00","bash","1292"
"2017-02-01 00:00:00","basic","2"
"2017-02-01 00:00:00","c","2715"
"2017-02-01 00:00:00","c#","11439"
"2017-02-01 00:00:00","c++","5147"
"2017-02-01 00:00:00","clojure","118"
"2017-02-01 00:00:00","cobol","6"
"2017-02-01 00:00:00","coffeescript","43"
"2017-02-01 00:00:00","curl","441"
"2017-02-01 00:00:00","delphi","304"
"2017-02-01 00:00:00","fortran","85"
"2017-02-01 00:00:00","go","548"
"2017-02-01 00:00:00","groovy","249"
"2017-02-01 00:00:00","haskell","420"
"2017-02-01 00:00:00","java","14500"
"2017-02-01 00:00:00","javascript","21117"
"2017-02-01 00:00:00","julia","75"
"2017-02-01 00:00:00","kotlin","121"
"2017-02-01 00:00:00","matlab","842"
"2017-02-01 00:00:00","objective-c","1333"
"2017-02-01 00:00:00","pascal","14"
"2017-02-01 00:00:00","perl","398"
"2017-02-01 00:00:00","php","12395"
"2017-02-01 00:00:00","prolog","100"
"2017-02-01 00:00:00","python","14720"
"2017-02-01 00:00:00","r","3668"
"2017-02-01 00:00:00","ruby","1618"
"2017-02-01 00:00:00","rust","202"
"2017-02-01 00:00:00","scala","1099"
"2017-02-01 00:00:00","sql","4411"
"2017-02-01 00:00:00","typescript","1551"
"2017-03-01 00:00:00","ada","20"
"2017-03-01 00:00:00","assembly","368"
"2017-03-01 00:00:00","awk","343"
"2017-03-01 00:00:00","bash","1583"
"2017-03-01 00:00:00","basic","7"
"2017-03-01 00:00:00","c","2950"
"2017-03-01 00:00:00","c#","12942"
"2017-03-01 00:00:00","c++","6202"
"2017-03-01 00:00:00","clojure","140"
"2017-03-01 00:00:00","cobol","14"
"2017-03-01 00:00:00","coffeescript","47"
"2017-03-01 00:00:00","curl","448"
"2017-03-01 00:00:00","delphi","303"
"2017-03-01 00:00:00","fortran","126"
"2017-03-01 00:00:00","go","650"
"2017-03-01 00:00:00","groovy","277"
"2017-03-01 00:00:00","haskell","433"
"2017-03-01 00:00:00","java","17238"
"2017-03-01 00:00:00","javascript","23587"
"2017-03-01 00:00:00","julia","96"
"2017-03-01 00:00:00","kotlin","182"
"2017-03-01 00:00:00","matlab","1066"
"2017-03-01 00:00:00","objective-c","1440"
"2017-03-01 00:00:00","pascal","15"
"2017-03-01 00:00:00","perl","408"
"2017-03-01 00:00:00","php","13912"
"2017-03-01 00:00:00","prolog","133"
"2017-03-01 00:00:00","python","17053"
"2017-03-01 00:00:00","r","4592"
"2017-03-01 00:00:00","ruby","1788"
"2017-03-01 00:00:00","rust","216"
"2017-03-01 00:00:00","scala","1298"
"2017-03-01 00:00:00","sql","5332"
"2017-03-01 00:00:00","typescript","1837"
"2017-04-01 00:00:00","ada","16"
"2017-04-01 00:00:00","assembly","315"
"2017-04-01 00:00:00","awk","323"
"2017-04-01 00:00:00","bash","1421"
"2017-04-01 00:00:00","basic","7"
"2017-04-01 00:00:00","c","2838"
"2017-04-01 00:00:00","c#","11052"
"2017-04-01 00:00:00","c++","5855"
"2017-04-01 00:00:00","clojure","127"
"2017-04-01 00:00:00","cobol","10"
"2017-04-01 00:00:00","coffeescript","44"
"2017-04-01 00:00:00","curl","421"
"2017-04-01 00:00:00","delphi","263"
"2017-04-01 00:00:00","fortran","114"
"2017-04-01 00:00:00","go","506"
"2017-04-01 00:00:00","groovy","258"
"2017-04-01 00:00:00","haskell","373"
"2017-04-01 00:00:00","java","15827"
"2017-04-01 00:00:00","javascript","21132"
"2017-04-01 00:00:00","julia","79"
"2017-04-01 00:00:00","kotlin","147"
"2017-04-01 00:00:00","matlab","942"
"2017-04-01 00:00:00","objective-c","1134"
"2017-04-01 00:00:00","pascal","10"
"2017-04-01 00:00:00","perl","366"
"2017-04-01 00:00:00","php","12296"
"2017-04-01 00:00:00","prolog","136"
"2017-04-01 00:00:00","python","15586"
"2017-04-01 00:00:00","r","4245"
"2017-04-01 00:00:00","ruby","1483"
"2017-04-01 00:00:00","rust","187"
"2017-04-01 00:00:00","scala","1129"
"2017-04-01 00:00:00","sql","4688"
"2017-04-01 00:00:00","typescript","1738"
"2017-05-01 00:00:00","ada","8"
"2017-05-01 00:00:00","assembly","347"
"2017-05-01 00:00:00","awk","319"
"2017-05-01 00:00:00","bash","1428"
"2017-05-01 00:00:00","basic","10"
"2017-05-01 00:00:00","c","2738"
"2017-05-01 00:00:00","c#","11934"
"2017-05-01 00:00:00","c++","5276"
"2017-05-01 00:00:00","clojure","127"
"2017-05-01 00:00:00","cobol","11"
"2017-05-01 00:00:00","coffeescript","42"
"2017-05-01 00:00:00","curl","409"
"2017-05-01 00:00:00","delphi","316"
"2017-05-01 00:00:00","fortran","105"
"2017-05-01 00:00:00","go","580"
"2017-05-01 00:00:00","groovy","298"
"2017-05-01 00:00:00","haskell","425"
"2017-05-01 00:00:00","java","16268"
"2017-05-01 00:00:00","javascript","22290"
"2017-05-01 00:00:00","julia","90"
"2017-05-01 00:00:00","kotlin","386"
"2017-05-01 00:00:00","matlab","986"
"2017-05-01 00:00:00","objective-c","1179"
"2017-05-01 00:00:00","pascal","31"
"2017-05-01 00:00:00","perl","353"
"2017-05-01 00:00:00","php","12959"
"2017-05-01 00:00:00","prolog","141"
"2017-05-01 00:00:00","python","16125"
"2017-05-01 00:00:00","r","4298"
"2017-05-01 00:00:00","ruby","1515"
"2017-05-01 00:00:00","rust","197"
"2017-05-01 00:00:00","scala","1169"
"2017-05-01 00:00:00","sql","5137"
"2017-05-01 00:00:00","typescript","1908"
"2017-06-01 00:00:00","ada","11"
"2017-06-01 00:00:00","assembly","238"
"2017-06-01 00:00:00","awk","291"
"2017-06-01 00:00:00","bash","1400"
"2017-06-01 00:00:00","basic","8"
"2017-06-01 00:00:00","c","2337"
"2017-06-01 00:00:00","c#","11251"
"2017-06-01 00:00:00","c++","4662"
"2017-06-01 00:00:00","clojure","109"
"2017-06-01 00:00:00","cobol","10"
"2017-06-01 00:00:00","coffeescript","44"
"2017-06-01 00:00:00","curl","409"
"2017-06-01 00:00:00","delphi","245"
"2017-06-01 00:00:00","fortran","135"
"2017-06-01 00:00:00","go","572"
"2017-06-01 00:00:00","groovy","269"
"2017-06-01 00:00:00","haskell","345"
"2017-06-01 00:00:00","java","14552"
"2017-06-01 00:00:00","javascript","21480"
"2017-06-01 00:00:00","julia","100"
"2017-06-01 00:00:00","kotlin","556"
"2017-06-01 00:00:00","matlab","790"
"2017-06-01 00:00:00","objective-c","1220"
"2017-06-01 00:00:00","pascal","18"
"2017-06-01 00:00:00","perl","310"
"2017-06-01 00:00:00","php","11644"
"2017-06-01 00:00:00","prolog","66"
"2017-06-01 00:00:00","python","15944"
"2017-06-01 00:00:00","r","4434"
"2017-06-01 00:00:00","ruby","1411"
"2017-06-01 00:00:00","rust","175"
"2017-06-01 00:00:00","scala","1169"
"2017-06-01 00:00:00","sql","4808"
"2017-06-01 00:00:00","typescript","1866"
"2017-07-01 00:00:00","ada","7"
"2017-07-01 00:00:00","assembly","220"
"2017-07-01 00:00:00","awk","244"
"2017-07-01 00:00:00","bash","1334"
"2017-07-01 00:00:00","basic","5"
"2017-07-01 00:00:00","c","2037"
"2017-07-01 00:00:00","c#","11163"
"2017-07-01 00:00:00","c++","5000"
"2017-07-01 00:00:00","clojure","104"
"2017-07-01 00:00:00","cobol","8"
"2017-07-01 00:00:00","coffeescript","30"
"2017-07-01 00:00:00","curl","386"
"2017-07-01 00:00:00","delphi","206"
"2017-07-01 00:00:00","fortran","118"
"2017-07-01 00:00:00","go","653"
"2017-07-01 00:00:00","groovy","248"
"2017-07-01 00:00:00","haskell","334"
"2017-07-01 00:00:00","java","14057"
"2017-07-01 00:00:00","javascript","21509"
"2017-07-01 00:00:00","julia","90"
"2017-07-01 00:00:00","kotlin","519"
"2017-07-01 00:00:00","matlab","728"
"2017-07-01 00:00:00","objective-c","1104"
"2017-07-01 00:00:00","pascal","12"
"2017-07-01 00:00:00","perl","322"
"2017-07-01 00:00:00","php","11667"
"2017-07-01 00:00:00","prolog","49"
"2017-07-01 00:00:00","python","16850"
"2017-07-01 00:00:00","r","4569"
"2017-07-01 00:00:00","ruby","1518"
"2017-07-01 00:00:00","rust","225"
"2017-07-01 00:00:00","scala","1246"
"2017-07-01 00:00:00","sql","4800"
"2017-07-01 00:00:00","typescript","1950"
"2017-08-01 00:00:00","ada","6"
"2017-08-01 00:00:00","assembly","215"
"2017-08-01 00:00:00","awk","285"
"2017-08-01 00:00:00","bash","1292"
"2017-08-01 00:00:00","basic","6"
"2017-08-01 00:00:00","c","2036"
"2017-08-01 00:00:00","c#","10917"
"2017-08-01 00:00:00","c++","4768"
"2017-08-01 00:00:00","clojure","93"
"2017-08-01 00:00:00","cobol","8"
"2017-08-01 00:00:00","coffeescript","32"
"2017-08-01 00:00:00","curl","389"
"2017-08-01 00:00:00","delphi","289"
"2017-08-01 00:00:00","fortran","111"
"2017-08-01 00:00:00","go","603"
"2017-08-01 00:00:00","groovy","284"
"2017-08-01 00:00:00","haskell","355"
"2017-08-01 00:00:00","java","13699"
"2017-08-01 00:00:00","javascript","21259"
"2017-08-01 00:00:00","julia","81"
"2017-08-01 00:00:00","kotlin","574"
"2017-08-01 00:00:00","matlab","716"
"2017-08-01 00:00:00","objective-c","982"
"2017-08-01 00:00:00","pascal","6"
"2017-08-01 00:00:00","perl","355"
"2017-08-01 00:00:00","php","11553"
"2017-08-01 00:00:00","prolog","24"
"2017-08-01 00:00:00","python","16433"
"2017-08-01 00:00:00","r","4552"
"2017-08-01 00:00:00","ruby","1391"
"2017-08-01 00:00:00","rust","207"
"2017-08-01 00:00:00","scala","1174"
"2017-08-01 00:00:00","sql","4587"
"2017-08-01 00:00:00","typescript","2079"
"2017-09-01 00:00:00","ada","11"
"2017-09-01 00:00:00","assembly","228"
"2017-09-01 00:00:00","awk","266"
"2017-09-01 00:00:00","bash","1179"
"2017-09-01 00:00:00","basic","10"
"2017-09-01 00:00:00","c","2091"
"2017-09-01 00:00:00","c#","9833"
"2017-09-01 00:00:00","c++","4450"
"2017-09-01 00:00:00","clojure","79"
"2017-09-01 00:00:00","cobol","8"
"2017-09-01 00:00:00","coffeescript","38"
"2017-09-01 00:00:00","curl","360"
"2017-09-01 00:00:00","delphi","260"
"2017-09-01 00:00:00","fortran","93"
"2017-09-01 00:00:00","go","541"
"2017-09-01 00:00:00","groovy","237"
"2017-09-01 00:00:00","haskell","388"
"2017-09-01 00:00:00","java","12694"
"2017-09-01 00:00:00","javascript","18887"
"2017-09-01 00:00:00","julia","94"
"2017-09-01 00:00:00","kotlin","495"
"2017-09-01 00:00:00","matlab","574"
"2017-09-01 00:00:00","objective-c","883"
"2017-09-01 00:00:00","pascal","16"
"2017-09-01 00:00:00","perl","296"
"2017-09-01 00:00:00","php","10621"
"2017-09-01 00:00:00","prolog","62"
"2017-09-01 00:00:00","python","15391"
"2017-09-01 00:00:00","r","4210"
"2017-09-01 00:00:00","ruby","1220"
"2017-09-01 00:00:00","rust","139"
"2017-09-01 00:00:00","scala","1118"
"2017-09-01 00:00:00","sql","4206"
"2017-09-01 00:00:00","typescript","1874"
"2017-10-01 00:00:00","ada","19"
"2017-10-01 00:00:00","assembly","328"
"2017-10-01 00:00:00","awk","301"
"2017-10-01 00:00:00","bash","1418"
"2017-10-01 00:00:00","basic","8"
"2017-10-01 00:00:00","c","2768"
"2017-10-01 00:00:00","c#","10173"
"2017-10-01 00:00:00","c++","5200"
"2017-10-01 00:00:00","clojure","102"
"2017-10-01 00:00:00","cobol","10"
"2017-10-01 00:00:00","coffeescript","34"
"2017-10-01 00:00:00","curl","378"
"2017-10-01 00:00:00","delphi","221"
"2017-10-01 00:00:00","fortran","81"
"2017-10-01 00:00:00","go","613"
"2017-10-01 00:00:00","groovy","294"
"2017-10-01 00:00:00","haskell","422"
"2017-10-01 00:00:00","java","13942"
"2017-10-01 00:00:00","javascript","19729"
"2017-10-01 00:00:00","julia","104"
"2017-10-01 00:00:00","kotlin","593"
"2017-10-01 00:00:00","matlab","690"
"2017-10-01 00:00:00","objective-c","856"
"2017-10-01 00:00:00","pascal","20"
"2017-10-01 00:00:00","perl","333"
"2017-10-01 00:00:00","php","10742"
"2017-10-01 00:00:00","prolog","121"
"2017-10-01 00:00:00","python","16879"
"2017-10-01 00:00:00","r","4523"
"2017-10-01 00:00:00","ruby","1294"
"2017-10-01 00:00:00","rust","168"
"2017-10-01 00:00:00","scala","1075"
"2017-10-01 00:00:00","sql","4586"
"2017-10-01 00:00:00","typescript","1864"
"2017-11-01 00:00:00","ada","28"
"2017-11-01 00:00:00","assembly","384"
"2017-11-01 00:00:00","awk","260"
"2017-11-01 00:00:00","bash","1287"
"2017-11-01 00:00:00","basic","7"
"2017-11-01 00:00:00","c","2937"
"2017-11-01 00:00:00","c#","9749"
"2017-11-01 00:00:00","c++","5017"
"2017-11-01 00:00:00","clojure","99"
"2017-11-01 00:00:00","cobol","13"
"2017-11-01 00:00:00","coffeescript","31"
"2017-11-01 00:00:00","curl","340"
"2017-11-01 00:00:00","delphi","199"
"2017-11-01 00:00:00","fortran","99"
"2017-11-01 00:00:00","go","654"
"2017-11-01 00:00:00","groovy","285"
"2017-11-01 00:00:00","haskell","467"
"2017-11-01 00:00:00","java","14106"
"2017-11-01 00:00:00","javascript","19303"
"2017-11-01 00:00:00","julia","103"
"2017-11-01 00:00:00","kotlin","705"
"2017-11-01 00:00:00","matlab","744"
"2017-11-01 00:00:00","objective-c","806"
"2017-11-01 00:00:00","pascal","14"
"2017-11-01 00:00:00","perl","262"
"2017-11-01 00:00:00","php","10506"
"2017-11-01 00:00:00","prolog","141"
"2017-11-01 00:00:00","python","16891"
"2017-11-01 00:00:00","r","4492"
"2017-11-01 00:00:00","ruby","1169"
"2017-11-01 00:00:00","rust","172"
"2017-11-01 00:00:00","scala","1095"
"2017-11-01 00:00:00","sql","4565"
"2017-11-01 00:00:00","typescript","1993"
"2017-12-01 00:00:00","ada","11"
"2017-12-01 00:00:00","assembly","247"
"2017-12-01 00:00:00","awk","200"
"2017-12-01 00:00:00","bash","1094"
"2017-12-01 00:00:00","basic","8"
"2017-12-01 00:00:00","c","2190"
"2017-12-01 00:00:00","c#","8552"
"2017-12-01 00:00:00","c++","4442"
"2017-12-01 00:00:00","clojure","90"
"2017-12-01 00:00:00","cobol","7"
"2017-12-01 00:00:00","coffeescript","22"
"2017-12-01 00:00:00","curl","313"
"2017-12-01 00:00:00","delphi","186"
"2017-12-01 00:00:00","fortran","92"
"2017-12-01 00:00:00","go","522"
"2017-12-01 00:00:00","groovy","236"
"2017-12-01 00:00:00","haskell","375"
"2017-12-01 00:00:00","java","11917"
"2017-12-01 00:00:00","javascript","16881"
"2017-12-01 00:00:00","julia","72"
"2017-12-01 00:00:00","kotlin","587"
"2017-12-01 00:00:00","matlab","494"
"2017-12-01 00:00:00","objective-c","637"
"2017-12-01 00:00:00","pascal","9"
"2017-12-01 00:00:00","perl","236"
"2017-12-01 00:00:00","php","9063"
"2017-12-01 00:00:00","prolog","133"
"2017-12-01 00:00:00","python","14867"
"2017-12-01 00:00:00","r","3709"
"2017-12-01 00:00:00","ruby","1014"
"2017-12-01 00:00:00","rust","244"
"2017-12-01 00:00:00","scala","870"
"2017-12-01 00:00:00","sql","3728"
"2017-12-01 00:00:00","typescript","1741"
"2018-01-01 00:00:00","ada","19"
"2018-01-01 00:00:00","assembly","252"
"2018-01-01 00:00:00","awk","259"
"2018-01-01 00:00:00","bash","1247"
"2018-01-01 00:00:00","basic","4"
"2018-01-01 00:00:00","c","2206"
"2018-01-01 00:00:00","c#","9343"
"2018-01-01 00:00:00","c++","4732"
"2018-01-01 00:00:00","clojure","101"
"2018-01-01 00:00:00","cobol","6"
"2018-01-01 00:00:00","coffeescript","16"
"2018-01-01 00:00:00","curl","315"
"2018-01-01 00:00:00","delphi","195"
"2018-01-01 00:00:00","fortran","85"
"2018-01-01 00:00:00","go","540"
"2018-01-01 00:00:00","groovy","250"
"2018-01-01 00:00:00","haskell","348"
"2018-01-01 00:00:00","java","12308"
"2018-01-01 00:00:00","javascript","18827"
"2018-01-01 00:00:00","julia","94"
"2018-01-01 00:00:00","kotlin","652"
"2018-01-01 00:00:00","matlab","572"
"2018-01-01 00:00:00","objective-c","660"
"2018-01-01 00:00:00","pascal","21"
"2018-01-01 00:00:00","perl","245"
"2018-01-01 00:00:00","php","10048"
"2018-01-01 00:00:00","prolog","63"
"2018-01-01 00:00:00","python","16176"
"2018-01-01 00:00:00","r","4193"
"2018-01-01 00:00:00","ruby","1159"
"2018-01-01 00:00:00","rust","201"
"2018-01-01 00:00:00","scala","1038"
"2018-01-01 00:00:00","sql","4232"
"2018-01-01 00:00:00","typescript","1959"
"2018-02-01 00:00:00","ada","10"
"2018-02-01 00:00:00","assembly","281"
"2018-02-01 00:00:00","awk","289"
"2018-02-01 00:00:00","bash","1178"
"2018-02-01 00:00:00","basic","9"
"2018-02-01 00:00:00","c","2137"
"2018-02-01 00:00:00","c#","8551"
"2018-02-01 00:00:00","c++","4559"
"2018-02-01 00:00:00","clojure","94"
"2018-02-01 00:00:00","cobol","3"
"2018-02-01 00:00:00","coffeescript","14"
"2018-02-01 00:00:00","curl","295"
"2018-02-01 00:00:00","delphi","212"
"2018-02-01 00:00:00","fortran","90"
"2018-02-01 00:00:00","go","581"
"2018-02-01 00:00:00","groovy","218"
"2018-02-01 00:00:00","haskell","334"
"2018-02-01 00:00:00","java","11997"
"2018-02-01 00:00:00","javascript","17178"
"2018-02-01 00:00:00","julia","85"
"2018-02-01 00:00:00","kotlin","642"
"2018-02-01 00:00:00","matlab","530"
"2018-02-01 00:00:00","objective-c","587"
"2018-02-01 00:00:00","pascal","13"
"2018-02-01 00:00:00","perl","230"
"2018-02-01 00:00:00","php","9083"
"2018-02-01 00:00:00","prolog","72"
"2018-02-01 00:00:00","python","16250"
"2018-02-01 00:00:00","r","4492"
"2018-02-01 00:00:00","ruby","1028"
"2018-02-01 00:00:00","rust","201"
"2018-02-01 00:00:00","scala","987"
"2018-02-01 00:00:00","sql","4114"
"2018-02-01 00:00:00","typescript","1969"
"2018-03-01 00:00:00","ada","11"
"2018-03-01 00:00:00","assembly","317"
"2018-03-01 00:00:00","awk","277"
"2018-03-01 00:00:00","bash","1246"
"2018-03-01 00:00:00","basic","14"
"2018-03-01 00:00:00","c","2457"
"2018-03-01 00:00:00","c#","9752"
"2018-03-01 00:00:00","c++","5163"
"2018-03-01 00:00:00","clojure","105"
"2018-03-01 00:00:00","cobol","14"
"2018-03-01 00:00:00","coffeescript","13"
"2018-03-01 00:00:00","curl","318"
"2018-03-01 00:00:00","delphi","218"
"2018-03-01 00:00:00","fortran","106"
"2018-03-01 00:00:00","go","601"
"2018-03-01 00:00:00","groovy","232"
"2018-03-01 00:00:00","haskell","441"
"2018-03-01 00:00:00","java","13511"
"2018-03-01 00:00:00","javascript","19079"
"2018-03-01 00:00:00","julia","79"
"2018-03-01 00:00:00","kotlin","800"
"2018-03-01 00:00:00","matlab","560"
"2018-03-01 00:00:00","objective-c","594"
"2018-03-01 00:00:00","pascal","9"
"2018-03-01 00:00:00","perl","287"
"2018-03-01 00:00:00","php","9787"
"2018-03-01 00:00:00","prolog","97"
"2018-03-01 00:00:00","python","17847"
"2018-03-01 00:00:00","r","5091"
"2018-03-01 00:00:00","ruby","1059"
"2018-03-01 00:00:00","rust","258"
"2018-03-01 00:00:00","scala","1159"
"2018-03-01 00:00:00","sql","4758"
"2018-03-01 00:00:00","typescript","2230"
"2018-04-01 00:00:00","ada","20"
"2018-04-01 00:00:00","assembly","320"
"2018-04-01 00:00:00","awk","261"
"2018-04-01 00:00:00","bash","1163"
"2018-04-01 00:00:00","basic","8"
"2018-04-01 00:00:00","c","2175"
"2018-04-01 00:00:00","c#","9203"
"2018-04-01 00:00:00","c++","4647"
"2018-04-01 00:00:00","clojure","82"
"2018-04-01 00:00:00","cobol","10"
"2018-04-01 00:00:00","coffeescript","22"
"2018-04-01 00:00:00","curl","293"
"2018-04-01 00:00:00","delphi","202"
"2018-04-01 00:00:00","fortran","84"
"2018-04-01 00:00:00","go","616"
"2018-04-01 00:00:00","groovy","237"
"2018-04-01 00:00:00","haskell","383"
"2018-04-01 00:00:00","java","13440"
"2018-04-01 00:00:00","javascript","17904"
"2018-04-01 00:00:00","julia","97"
"2018-04-01 00:00:00","kotlin","775"
"2018-04-01 00:00:00","matlab","602"
"2018-04-01 00:00:00","objective-c","554"
"2018-04-01 00:00:00","pascal","14"
"2018-04-01 00:00:00","perl","252"
"2018-04-01 00:00:00","php","8890"
"2018-04-01 00:00:00","prolog","130"
"2018-04-01 00:00:00","python","16907"
"2018-04-01 00:00:00","r","4719"
"2018-04-01 00:00:00","ruby","984"
"2018-04-01 00:00:00","rust","203"
"2018-04-01 00:00:00","scala","1133"
"2018-04-01 00:00:00","sql","4742"
"2018-04-01 00:00:00","typescript","2096"
"2018-05-01 00:00:00","ada","22"
"2018-05-01 00:00:00","assembly","296"
"2018-05-01 00:00:00","awk","278"
"2018-05-01 00:00:00","bash","1093"
"2018-05-01 00:00:00","basic","8"
"2018-05-01 00:00:00","c","2355"
"2018-05-01 00:00:00","c#","9895"
"2018-05-01 00:00:00","c++","4676"
"2018-05-01 00:00:00","clojure","93"
"2018-05-01 00:00:00","cobol","14"
"2018-05-01 00:00:00","coffeescript","27"
"2018-05-01 00:00:00","curl","300"
"2018-05-01 00:00:00","delphi","193"
"2018-05-01 00:00:00","fortran","98"
"2018-05-01 00:00:00","go","628"
"2018-05-01 00:00:00","groovy","245"
"2018-05-01 00:00:00","haskell","330"
"2018-05-01 00:00:00","java","13424"
"2018-05-01 00:00:00","javascript","18014"
"2018-05-01 00:00:00","julia","74"
"2018-05-01 00:00:00","kotlin","821"
"2018-05-01 00:00:00","matlab","526"
"2018-05-01 00:00:00","objective-c","583"
"2018-05-01 00:00:00","pascal","24"
"2018-05-01 00:00:00","perl","242"
"2018-05-01 00:00:00","php","9418"
"2018-05-01 00:00:00","prolog","115"
"2018-05-01 00:00:00","python","17514"
"2018-05-01 00:00:00","r","4724"
"2018-05-01 00:00:00","ruby","1032"
"2018-05-01 00:00:00","rust","236"
"2018-05-01 00:00:00","scala","1104"
"2018-05-01 00:00:00","sql","4796"
"2018-05-01 00:00:00","typescript","2123"
"2018-06-01 00:00:00","ada","19"
"2018-06-01 00:00:00","assembly","202"
"2018-06-01 00:00:00","awk","220"
"2018-06-01 00:00:00","bash","1036"
"2018-06-01 00:00:00","basic","3"
"2018-06-01 00:00:00","c","1828"
"2018-06-01 00:00:00","c#","8757"
"2018-06-01 00:00:00","c++","4081"
"2018-06-01 00:00:00","clojure","58"
"2018-06-01 00:00:00","cobol","8"
"2018-06-01 00:00:00","coffeescript","21"
"2018-06-01 00:00:00","curl","272"
"2018-06-01 00:00:00","delphi","186"
"2018-06-01 00:00:00","fortran","112"
"2018-06-01 00:00:00","go","671"
"2018-06-01 00:00:00","groovy","212"
"2018-06-01 00:00:00","haskell","308"
"2018-06-01 00:00:00","java","11753"
"2018-06-01 00:00:00","javascript","17134"
"2018-06-01 00:00:00","julia","107"
"2018-06-01 00:00:00","kotlin","777"
"2018-06-01 00:00:00","matlab","453"
"2018-06-01 00:00:00","objective-c","482"
"2018-06-01 00:00:00","pascal","6"
"2018-06-01 00:00:00","perl","238"
"2018-06-01 00:00:00","php","8390"
"2018-06-01 00:00:00","prolog","93"
"2018-06-01 00:00:00","python","16749"
"2018-06-01 00:00:00","r","4474"
"2018-06-01 00:00:00","ruby","988"
"2018-06-01 00:00:00","rust","213"
"2018-06-01 00:00:00","scala","953"
"2018-06-01 00:00:00","sql","4448"
"2018-06-01 00:00:00","typescript","2104"
"2018-07-01 00:00:00","ada","14"
"2018-07-01 00:00:00","assembly","181"
"2018-07-01 00:00:00","awk","160"
"2018-07-01 00:00:00","bash","1034"
"2018-07-01 00:00:00","basic","4"
"2018-07-01 00:00:00","c","1593"
"2018-07-01 00:00:00","c#","9374"
"2018-07-01 00:00:00","c++","3898"
"2018-07-01 00:00:00","clojure","55"
"2018-07-01 00:00:00","cobol","10"
"2018-07-01 00:00:00","coffeescript","12"
"2018-07-01 00:00:00","curl","297"
"2018-07-01 00:00:00","delphi","206"
"2018-07-01 00:00:00","fortran","91"
"2018-07-01 00:00:00","go","685"
"2018-07-01 00:00:00","groovy","198"
"2018-07-01 00:00:00","haskell","277"
"2018-07-01 00:00:00","java","11698"
"2018-07-01 00:00:00","javascript","17754"
"2018-07-01 00:00:00","julia","64"
"2018-07-01 00:00:00","kotlin","890"
"2018-07-01 00:00:00","matlab","458"
"2018-07-01 00:00:00","objective-c","508"
"2018-07-01 00:00:00","pascal","12"
"2018-07-01 00:00:00","perl","245"
"2018-07-01 00:00:00","php","8515"
"2018-07-01 00:00:00","prolog","39"
"2018-07-01 00:00:00","python","17884"
"2018-07-01 00:00:00","r","4398"
"2018-07-01 00:00:00","ruby","939"
"2018-07-01 00:00:00","rust","227"
"2018-07-01 00:00:00","scala","929"
"2018-07-01 00:00:00","sql","4591"
"2018-07-01 00:00:00","typescript","2188"
"2018-08-01 00:00:00","ada","18"
"2018-08-01 00:00:00","assembly","176"
"2018-08-01 00:00:00","awk","218"
"2018-08-01 00:00:00","bash","1009"
"2018-08-01 00:00:00","basic","7"
"2018-08-01 00:00:00","c","1672"
"2018-08-01 00:00:00","c#","9447"
"2018-08-01 00:00:00","c++","3888"
"2018-08-01 00:00:00","clojure","67"
"2018-08-01 00:00:00","cobol","17"
"2018-08-01 00:00:00","coffeescript","16"
"2018-08-01 00:00:00","curl","266"
"2018-08-01 00:00:00","delphi","204"
"2018-08-01 00:00:00","fortran","80"
"2018-08-01 00:00:00","go","703"
"2018-08-01 00:00:00","groovy","252"
"2018-08-01 00:00:00","haskell","273"
"2018-08-01 00:00:00","java","11266"
"2018-08-01 00:00:00","javascript","17797"
"2018-08-01 00:00:00","julia","151"
"2018-08-01 00:00:00","kotlin","933"
"2018-08-01 00:00:00","matlab","402"
"2018-08-01 00:00:00","objective-c","470"
"2018-08-01 00:00:00","pascal","5"
"2018-08-01 00:00:00","perl","227"
"2018-08-01 00:00:00","php","8452"
"2018-08-01 00:00:00","prolog","53"
"2018-08-01 00:00:00","python","17690"
"2018-08-01 00:00:00","r","4095"
"2018-08-01 00:00:00","ruby","874"
"2018-08-01 00:00:00","rust","214"
"2018-08-01 00:00:00","scala","844"
"2018-08-01 00:00:00","sql","4462"
"2018-08-01 00:00:00","typescript","2327"
"2018-09-01 00:00:00","ada","12"
"2018-09-01 00:00:00","assembly","256"
"2018-09-01 00:00:00","awk","193"
"2018-09-01 00:00:00","bash","1035"
"2018-09-01 00:00:00","basic","3"
"2018-09-01 00:00:00","c","1827"
"2018-09-01 00:00:00","c#","8333"
"2018-09-01 00:00:00","c++","3723"
"2018-09-01 00:00:00","clojure","85"
"2018-09-01 00:00:00","cobol","16"
"2018-09-01 00:00:00","coffeescript","17"
"2018-09-01 00:00:00","curl","269"
"2018-09-01 00:00:00","delphi","181"
"2018-09-01 00:00:00","fortran","66"
"2018-09-01 00:00:00","go","670"
"2018-09-01 00:00:00","groovy","207"
"2018-09-01 00:00:00","haskell","295"
"2018-09-01 00:00:00","java","10679"
"2018-09-01 00:00:00","javascript","15962"
"2018-09-01 00:00:00","julia","146"
"2018-09-01 00:00:00","kotlin","855"
"2018-09-01 00:00:00","matlab","427"
"2018-09-01 00:00:00","objective-c","410"
"2018-09-01 00:00:00","pascal","14"
"2018-09-01 00:00:00","perl","204"
"2018-09-01 00:00:00","php","7637"
"2018-09-01 00:00:00","prolog","42"
"2018-09-01 00:00:00","python","15966"
"2018-09-01 00:00:00","r","3741"
"2018-09-01 00:00:00","ruby","774"
"2018-09-01 00:00:00","rust","218"
"2018-09-01 00:00:00","scala","834"
"2018-09-01 00:00:00","sql","3821"
"2018-09-01 00:00:00","typescript","2156"
"2018-10-01 00:00:00","ada","19"
"2018-10-01 00:00:00","assembly","319"
"2018-10-01 00:00:00","awk","242"
"2018-10-01 00:00:00","bash","1099"
"2018-10-01 00:00:00","basic","12"
"2018-10-01 00:00:00","c","2433"
"2018-10-01 00:00:00","c#","9306"
"2018-10-01 00:00:00","c++","4288"
"2018-10-01 00:00:00","clojure","80"
"2018-10-01 00:00:00","cobol","9"
"2018-10-01 00:00:00","coffeescript","16"
"2018-10-01 00:00:00","curl","292"
"2018-10-01 00:00:00","delphi","221"
"2018-10-01 00:00:00","fortran","70"
"2018-10-01 00:00:00","go","788"
"2018-10-01 00:00:00","groovy","206"
"2018-10-01 00:00:00","haskell","359"
"2018-10-01 00:00:00","java","12454"
"2018-10-01 00:00:00","javascript","17338"
"2018-10-01 00:00:00","julia","131"
"2018-10-01 00:00:00","kotlin","1054"
"2018-10-01 00:00:00","matlab","513"
"2018-10-01 00:00:00","objective-c","415"
"2018-10-01 00:00:00","pascal","14"
"2018-10-01 00:00:00","perl","277"
"2018-10-01 00:00:00","php","8104"
"2018-10-01 00:00:00","prolog","90"
"2018-10-01 00:00:00","python","18093"
"2018-10-01 00:00:00","r","4339"
"2018-10-01 00:00:00","ruby","894"
"2018-10-01 00:00:00","rust","218"
"2018-10-01 00:00:00","scala","877"
"2018-10-01 00:00:00","sql","4435"
"2018-10-01 00:00:00","typescript","2376"
"2018-11-01 00:00:00","ada","12"
"2018-11-01 00:00:00","assembly","301"
"2018-11-01 00:00:00","awk","230"
"2018-11-01 00:00:00","bash","1060"
"2018-11-01 00:00:00","basic","11"
"2018-11-01 00:00:00","c","2513"
"2018-11-01 00:00:00","c#","8444"
"2018-11-01 00:00:00","c++","4327"
"2018-11-01 00:00:00","clojure","80"
"2018-11-01 00:00:00","cobol","9"
"2018-11-01 00:00:00","coffeescript","13"
"2018-11-01 00:00:00","curl","264"
"2018-11-01 00:00:00","delphi","179"
"2018-11-01 00:00:00","fortran","66"
"2018-11-01 00:00:00","go","716"
"2018-11-01 00:00:00","groovy","198"
"2018-11-01 00:00:00","haskell","342"
"2018-11-01 00:00:00","java","11654"
"2018-11-01 00:00:00","javascript","16120"
"2018-11-01 00:00:00","julia","99"
"2018-11-01 00:00:00","kotlin","989"
"2018-11-01 00:00:00","matlab","494"
"2018-11-01 00:00:00","objective-c","338"
"2018-11-01 00:00:00","pascal","14"
"2018-11-01 00:00:00","perl","234"
"2018-11-01 00:00:00","php","7047"
"2018-11-01 00:00:00","prolog","97"
"2018-11-01 00:00:00","python","17943"
"2018-11-01 00:00:00","r","4213"
"2018-11-01 00:00:00","ruby","833"
"2018-11-01 00:00:00","rust","230"
"2018-11-01 00:00:00","scala","803"
"2018-11-01 00:00:00","sql","4175"
"2018-11-01 00:00:00","typescript","2076"
"2018-12-01 00:00:00","ada","16"
"2018-12-01 00:00:00","assembly","218"
"2018-12-01 00:00:00","awk","186"
"2018-12-01 00:00:00","bash","873"
"2018-12-01 00:00:00","basic","2"
"2018-12-01 00:00:00","c","2183"
"2018-12-01 00:00:00","c#","7511"
"2018-12-01 00:00:00","c++","3541"
"2018-12-01 00:00:00","clojure","76"
"2018-12-01 00:00:00","cobol","12"
"2018-12-01 00:00:00","coffeescript","8"
"2018-12-01 00:00:00","curl","228"
"2018-12-01 00:00:00","delphi","173"
"2018-12-01 00:00:00","fortran","73"
"2018-12-01 00:00:00","go","656"
"2018-12-01 00:00:00","groovy","152"
"2018-12-01 00:00:00","haskell","320"
"2018-12-01 00:00:00","java","10396"
"2018-12-01 00:00:00","javascript","14213"
"2018-12-01 00:00:00","julia","75"
"2018-12-01 00:00:00","kotlin","875"
"2018-12-01 00:00:00","matlab","417"
"2018-12-01 00:00:00","objective-c","271"
"2018-12-01 00:00:00","pascal","7"
"2018-12-01 00:00:00","perl","217"
"2018-12-01 00:00:00","php","6189"
"2018-12-01 00:00:00","prolog","120"
"2018-12-01 00:00:00","python","15665"
"2018-12-01 00:00:00","r","3389"
"2018-12-01 00:00:00","ruby","806"
"2018-12-01 00:00:00","rust","235"
"2018-12-01 00:00:00","scala","758"
"2018-12-01 00:00:00","sql","3589"
"2018-12-01 00:00:00","typescript","1965"
"2019-01-01 00:00:00","ada","14"
"2019-01-01 00:00:00","assembly","219"
"2019-01-01 00:00:00","awk","214"
"2019-01-01 00:00:00","bash","1030"
"2019-01-01 00:00:00","basic","9"
"2019-01-01 00:00:00","c","2270"
"2019-01-01 00:00:00","c#","8717"
"2019-01-01 00:00:00","c++","3893"
"2019-01-01 00:00:00","clojure","68"
"2019-01-01 00:00:00","cobol","16"
"2019-01-01 00:00:00","coffeescript","14"
"2019-01-01 00:00:00","curl","232"
"2019-01-01 00:00:00","delphi","213"
"2019-01-01 00:00:00","fortran","90"
"2019-01-01 00:00:00","go","651"
"2019-01-01 00:00:00","groovy","201"
"2019-01-01 00:00:00","haskell","292"
"2019-01-01 00:00:00","java","10982"
"2019-01-01 00:00:00","javascript","15967"
"2019-01-01 00:00:00","julia","87"
"2019-01-01 00:00:00","kotlin","1052"
"2019-01-01 00:00:00","matlab","402"
"2019-01-01 00:00:00","objective-c","322"
"2019-01-01 00:00:00","pascal","9"
"2019-01-01 00:00:00","perl","261"
"2019-01-01 00:00:00","php","7130"
"2019-01-01 00:00:00","prolog","78"
"2019-01-01 00:00:00","python","16886"
"2019-01-01 00:00:00","r","3935"
"2019-01-01 00:00:00","ruby","915"
"2019-01-01 00:00:00","rust","318"
"2019-01-01 00:00:00","scala","775"
"2019-01-01 00:00:00","sql","4059"
"2019-01-01 00:00:00","typescript","2336"
"2019-02-01 00:00:00","ada","15"
"2019-02-01 00:00:00","assembly","223"
"2019-02-01 00:00:00","awk","223"
"2019-02-01 00:00:00","bash","1013"
"2019-02-01 00:00:00","basic","6"
"2019-02-01 00:00:00","c","2045"
"2019-02-01 00:00:00","c#","8318"
"2019-02-01 00:00:00","c++","3714"
"2019-02-01 00:00:00","clojure","58"
"2019-02-01 00:00:00","cobol","8"
"2019-02-01 00:00:00","coffeescript","8"
"2019-02-01 00:00:00","curl","251"
"2019-02-01 00:00:00","delphi","190"
"2019-02-01 00:00:00","fortran","92"
"2019-02-01 00:00:00","go","624"
"2019-02-01 00:00:00","groovy","210"
"2019-02-01 00:00:00","haskell","261"
"2019-02-01 00:00:00","java","10944"
"2019-02-01 00:00:00","javascript","15626"
"2019-02-01 00:00:00","julia","98"
"2019-02-01 00:00:00","kotlin","990"
"2019-02-01 00:00:00","matlab","352"
"2019-02-01 00:00:00","objective-c","291"
"2019-02-01 00:00:00","pascal","12"
"2019-02-01 00:00:00","perl","249"
"2019-02-01 00:00:00","php","7238"
"2019-02-01 00:00:00","prolog","68"
"2019-02-01 00:00:00","python","17476"
"2019-02-01 00:00:00","r","4236"
"2019-02-01 00:00:00","ruby","784"
"2019-02-01 00:00:00","rust","227"
"2019-02-01 00:00:00","scala","728"
"2019-02-01 00:00:00","sql","4230"
"2019-02-01 00:00:00","typescript","2400"
"2019-03-01 00:00:00","ada","28"
"2019-03-01 00:00:00","assembly","276"
"2019-03-01 00:00:00","awk","247"
"2019-03-01 00:00:00","bash","1096"
"2019-03-01 00:00:00","basic","6"
"2019-03-01 00:00:00","c","2369"
"2019-03-01 00:00:00","c#","8925"
"2019-03-01 00:00:00","c++","4407"
"2019-03-01 00:00:00","clojure","64"
"2019-03-01 00:00:00","cobol","11"
"2019-03-01 00:00:00","coffeescript","7"
"2019-03-01 00:00:00","curl","274"
"2019-03-01 00:00:00","delphi","184"
"2019-03-01 00:00:00","fortran","95"
"2019-03-01 00:00:00","go","718"
"2019-03-01 00:00:00","groovy","210"
"2019-03-01 00:00:00","haskell","301"
"2019-03-01 00:00:00","java","11983"
"2019-03-01 00:00:00","javascript","17270"
"2019-03-01 00:00:00","julia","119"
"2019-03-01 00:00:00","kotlin","1086"
"2019-03-01 00:00:00","matlab","448"
"2019-03-01 00:00:00","objective-c","302"
"2019-03-01 00:00:00","pascal","12"
"2019-03-01 00:00:00","perl","231"
"2019-03-01 00:00:00","php","7745"
"2019-03-01 00:00:00","prolog","126"
"2019-03-01 00:00:00","python","19832"
"2019-03-01 00:00:00","r","4480"
"2019-03-01 00:00:00","ruby","839"
"2019-03-01 00:00:00","rust","248"
"2019-03-01 00:00:00","scala","815"
"2019-03-01 00:00:00","sql","4618"
"2019-03-01 00:00:00","typescript","2444"
"2019-04-01 00:00:00","ada","16"
"2019-04-01 00:00:00","assembly","303"
"2019-04-01 00:00:00","awk","219"
"2019-04-01 00:00:00","bash","1091"
"2019-04-01 00:00:00","basic","3"
"2019-04-01 00:00:00","c","2419"
"2019-04-01 00:00:00","c#","9070"
"2019-04-01 00:00:00","c++","4361"
"2019-04-01 00:00:00","clojure","69"
"2019-04-01 00:00:00","cobol","6"
"2019-04-01 00:00:00","coffeescript","13"
"2019-04-01 00:00:00","curl","245"
"2019-04-01 00:00:00","delphi","203"
"2019-04-01 00:00:00","fortran","88"
"2019-04-01 00:00:00","go","647"
"2019-04-01 00:00:00","groovy","206"
"2019-04-01 00:00:00","haskell","331"
"2019-04-01 00:00:00","java","11112"
"2019-04-01 00:00:00","javascript","16106"
"2019-04-01 00:00:00","julia","99"
"2019-04-01 00:00:00","kotlin","1042"
"2019-04-01 00:00:00","matlab","482"
"2019-04-01 00:00:00","objective-c","316"
"2019-04-01 00:00:00","pascal","6"
"2019-04-01 00:00:00","perl","205"
"2019-04-01 00:00:00","php","7153"
"2019-04-01 00:00:00","prolog","105"
"2019-04-01 00:00:00","python","19760"
"2019-04-01 00:00:00","r","4591"
"2019-04-01 00:00:00","ruby","767"
"2019-04-01 00:00:00","rust","286"
"2019-04-01 00:00:00","scala","842"
"2019-04-01 00:00:00","sql","4243"
"2019-04-01 00:00:00","typescript","2446"
"2019-05-01 00:00:00","ada","18"
"2019-05-01 00:00:00","assembly","234"
"2019-05-01 00:00:00","awk","206"
"2019-05-01 00:00:00","bash","1082"
"2019-05-01 00:00:00","basic","5"
"2019-05-01 00:00:00","c","2085"
"2019-05-01 00:00:00","c#","8992"
"2019-05-01 00:00:00","c++","4111"
"2019-05-01 00:00:00","clojure","63"
"2019-05-01 00:00:00","cobol","6"
"2019-05-01 00:00:00","coffeescript","12"
"2019-05-01 00:00:00","curl","264"
"2019-05-01 00:00:00","delphi","168"
"2019-05-01 00:00:00","fortran","79"
"2019-05-01 00:00:00","go","670"
"2019-05-01 00:00:00","groovy","195"
"2019-05-01 00:00:00","haskell","288"
"2019-05-01 00:00:00","java","11026"
"2019-05-01 00:00:00","javascript","16080"
"2019-05-01 00:00:00","julia","137"
"2019-05-01 00:00:00","kotlin","1071"
"2019-05-01 00:00:00","matlab","452"
"2019-05-01 00:00:00","objective-c","274"
"2019-05-01 00:00:00","pascal","6"
"2019-05-01 00:00:00","perl","220"
"2019-05-01 00:00:00","php","6922"
"2019-05-01 00:00:00","prolog","94"
"2019-05-01 00:00:00","python","18831"
"2019-05-01 00:00:00","r","4292"
"2019-05-01 00:00:00","ruby","760"
"2019-05-01 00:00:00","rust","279"
"2019-05-01 00:00:00","scala","806"
"2019-05-01 00:00:00","sql","4115"
"2019-05-01 00:00:00","typescript","2446"
"2019-06-01 00:00:00","ada","13"
"2019-06-01 00:00:00","assembly","199"
"2019-06-01 00:00:00","awk","191"
"2019-06-01 00:00:00","bash","932"
"2019-06-01 00:00:00","basic","1"
"2019-06-01 00:00:00","c","1718"
"2019-06-01 00:00:00","c#","7568"
"2019-06-01 00:00:00","c++","3629"
"2019-06-01 00:00:00","clojure","49"
"2019-06-01 00:00:00","cobol","9"
"2019-06-01 00:00:00","coffeescript","12"
"2019-06-01 00:00:00","curl","231"
"2019-06-01 00:00:00","delphi","134"
"2019-06-01 00:00:00","fortran","78"
"2019-06-01 00:00:00","go","524"
"2019-06-01 00:00:00","groovy","217"
"2019-06-01 00:00:00","haskell","206"
"2019-06-01 00:00:00","java","9587"
"2019-06-01 00:00:00","javascript","14747"
"2019-06-01 00:00:00","julia","111"
"2019-06-01 00:00:00","kotlin","1114"
"2019-06-01 00:00:00","matlab","357"
"2019-06-01 00:00:00","objective-c","256"
"2019-06-01 00:00:00","pascal","3"
"2019-06-01 00:00:00","perl","235"
"2019-06-01 00:00:00","php","5986"
"2019-06-01 00:00:00","prolog","46"
"2019-06-01 00:00:00","python","17164"
"2019-06-01 00:00:00","r","3942"
"2019-06-01 00:00:00","ruby","701"
"2019-06-01 00:00:00","rust","289"
"2019-06-01 00:00:00","scala","765"
"2019-06-01 00:00:00","sql","3571"
"2019-06-01 00:00:00","typescript","2347"
"2019-07-01 00:00:00","ada","6"
"2019-07-01 00:00:00","assembly","187"
"2019-07-01 00:00:00","awk","220"
"2019-07-01 00:00:00","bash","1042"
"2019-07-01 00:00:00","basic","2"
"2019-07-01 00:00:00","c","1745"
"2019-07-01 00:00:00","c#","8412"
"2019-07-01 00:00:00","c++","4250"
"2019-07-01 00:00:00","clojure","58"
"2019-07-01 00:00:00","cobol","6"
"2019-07-01 00:00:00","coffeescript","9"
"2019-07-01 00:00:00","curl","233"
"2019-07-01 00:00:00","delphi","164"
"2019-07-01 00:00:00","fortran","86"
"2019-07-01 00:00:00","go","623"
"2019-07-01 00:00:00","groovy","177"
"2019-07-01 00:00:00","haskell","223"
"2019-07-01 00:00:00","java","10781"
"2019-07-01 00:00:00","javascript","16070"
"2019-07-01 00:00:00","julia","105"
"2019-07-01 00:00:00","kotlin","1277"
"2019-07-01 00:00:00","matlab","380"
"2019-07-01 00:00:00","objective-c","243"
"2019-07-01 00:00:00","pascal","7"
"2019-07-01 00:00:00","perl","236"
"2019-07-01 00:00:00","php","6630"
"2019-07-01 00:00:00","prolog","39"
"2019-07-01 00:00:00","python","19667"
"2019-07-01 00:00:00","r","4187"
"2019-07-01 00:00:00","ruby","757"
"2019-07-01 00:00:00","rust","296"
"2019-07-01 00:00:00","scala","842"
"2019-07-01 00:00:00","sql","4144"
"2019-07-01 00:00:00","typescript","2524"
"2019-08-01 00:00:00","ada","8"
"2019-08-01 00:00:00","assembly","166"
"2019-08-01 00:00:00","awk","197"
"2019-08-01 00:00:00","bash","952"
"2019-08-01 00:00:00","basic","2"
"2019-08-01 00:00:00","c","1539"
"2019-08-01 00:00:00","c#","7671"
"2019-08-01 00:00:00","c++","3266"
"2019-08-01 00:00:00","clojure","70"
"2019-08-01 00:00:00","cobol","9"
"2019-08-01 00:00:00","coffeescript","3"
"2019-08-01 00:00:00","curl","209"
"2019-08-01 00:00:00","delphi","174"
"2019-08-01 00:00:00","fortran","76"
"2019-08-01 00:00:00","go","628"
"2019-08-01 00:00:00","groovy","191"
"2019-08-01 00:00:00","haskell","208"
"2019-08-01 00:00:00","java","9040"
"2019-08-01 00:00:00","javascript","15151"
"2019-08-01 00:00:00","julia","105"
"2019-08-01 00:00:00","kotlin","1134"
"2019-08-01 00:00:00","matlab","317"
"2019-08-01 00:00:00","objective-c","210"
"2019-08-01 00:00:00","pascal","12"
"2019-08-01 00:00:00","perl","192"
"2019-08-01 00:00:00","php","5809"
"2019-08-01 00:00:00","prolog","51"
"2019-08-01 00:00:00","python","17952"
"2019-08-01 00:00:00","r","3943"
"2019-08-01 00:00:00","ruby","776"
"2019-08-01 00:00:00","rust","349"
"2019-08-01 00:00:00","scala","697"
"2019-08-01 00:00:00","sql","3599"
"2019-08-01 00:00:00","typescript","2281"
"2019-09-01 00:00:00","ada","19"
"2019-09-01 00:00:00","assembly","221"
"2019-09-01 00:00:00","awk","180"
"2019-09-01 00:00:00","bash","912"
"2019-09-01 00:00:00","basic","2"
"2019-09-01 00:00:00","c","1997"
"2019-09-01 00:00:00","c#","7813"
"2019-09-01 00:00:00","c++","3760"
"2019-09-01 00:00:00","clojure","76"
"2019-09-01 00:00:00","cobol","10"
"2019-09-01 00:00:00","coffeescript","4"
"2019-09-01 00:00:00","curl","192"
"2019-09-01 00:00:00","delphi","145"
"2019-09-01 00:00:00","fortran","81"
"2019-09-01 00:00:00","go","615"
"2019-09-01 00:00:00","groovy","145"
"2019-09-01 00:00:00","haskell","263"
"2019-09-01 00:00:00","java","9613"
"2019-09-01 00:00:00","javascript","14806"
"2019-09-01 00:00:00","julia","160"
"2019-09-01 00:00:00","kotlin","1204"
"2019-09-01 00:00:00","matlab","297"
"2019-09-01 00:00:00","objective-c","249"
"2019-09-01 00:00:00","pascal","7"
"2019-09-01 00:00:00","perl","198"
"2019-09-01 00:00:00","php","5530"
"2019-09-01 00:00:00","prolog","41"
"2019-09-01 00:00:00","python","16813"
"2019-09-01 00:00:00","r","3931"
"2019-09-01 00:00:00","ruby","714"
"2019-09-01 00:00:00","rust","334"
"2019-09-01 00:00:00","scala","708"
"2019-09-01 00:00:00","sql","3937"
"2019-09-01 00:00:00","typescript","2326"
"2019-10-01 00:00:00","ada","23"
"2019-10-01 00:00:00","assembly","316"
"2019-10-01 00:00:00","awk","204"
"2019-10-01 00:00:00","bash","1138"
"2019-10-01 00:00:00","basic","5"
"2019-10-01 00:00:00","c","2469"
"2019-10-01 00:00:00","c#","8372"
"2019-10-01 00:00:00","c++","4815"
"2019-10-01 00:00:00","clojure","49"
"2019-10-01 00:00:00","cobol","7"
"2019-10-01 00:00:00","coffeescript","9"
"2019-10-01 00:00:00","curl","242"
"2019-10-01 00:00:00","delphi","152"
"2019-10-01 00:00:00","fortran","77"
"2019-10-01 00:00:00","go","631"
"2019-10-01 00:00:00","groovy","202"
"2019-10-01 00:00:00","haskell","321"
"2019-10-01 00:00:00","java","11145"
"2019-10-01 00:00:00","javascript","15917"
"2019-10-01 00:00:00","julia","153"
"2019-10-01 00:00:00","kotlin","1241"
"2019-10-01 00:00:00","matlab","430"
"2019-10-01 00:00:00","objective-c","318"
"2019-10-01 00:00:00","pascal","10"
"2019-10-01 00:00:00","perl","208"
"2019-10-01 00:00:00","php","6028"
"2019-10-01 00:00:00","prolog","38"
"2019-10-01 00:00:00","python","20368"
"2019-10-01 00:00:00","r","4374"
"2019-10-01 00:00:00","ruby","847"
"2019-10-01 00:00:00","rust","334"
"2019-10-01 00:00:00","scala","700"
"2019-10-01 00:00:00","sql","4402"
"2019-10-01 00:00:00","typescript","2455"
"2019-11-01 00:00:00","ada","15"
"2019-11-01 00:00:00","assembly","280"
"2019-11-01 00:00:00","awk","204"
"2019-11-01 00:00:00","bash","1003"
"2019-11-01 00:00:00","basic","7"
"2019-11-01 00:00:00","c","2496"
"2019-11-01 00:00:00","c#","7992"
"2019-11-01 00:00:00","c++","4704"
"2019-11-01 00:00:00","clojure","61"
"2019-11-01 00:00:00","cobol","7"
"2019-11-01 00:00:00","coffeescript","8"
"2019-11-01 00:00:00","curl","263"
"2019-11-01 00:00:00","delphi","170"
"2019-11-01 00:00:00","fortran","88"
"2019-11-01 00:00:00","go","600"
"2019-11-01 00:00:00","groovy","144"
"2019-11-01 00:00:00","haskell","337"
"2019-11-01 00:00:00","java","10270"
"2019-11-01 00:00:00","javascript","15666"
"2019-11-01 00:00:00","julia","93"
"2019-11-01 00:00:00","kotlin","1273"
"2019-11-01 00:00:00","matlab","397"
"2019-11-01 00:00:00","objective-c","272"
"2019-11-01 00:00:00","pascal","15"
"2019-11-01 00:00:00","perl","219"
"2019-11-01 00:00:00","php","6077"
"2019-11-01 00:00:00","prolog","91"
"2019-11-01 00:00:00","python","20515"
"2019-11-01 00:00:00","r","4278"
"2019-11-01 00:00:00","ruby","684"
"2019-11-01 00:00:00","rust","315"
"2019-11-01 00:00:00","scala","664"
"2019-11-01 00:00:00","sql","4406"
"2019-11-01 00:00:00","typescript","2602"
"2019-12-01 00:00:00","ada","16"
"2019-12-01 00:00:00","assembly","248"
"2019-12-01 00:00:00","awk","202"
"2019-12-01 00:00:00","bash","871"
"2019-12-01 00:00:00","basic","5"
"2019-12-01 00:00:00","c","2135"
"2019-12-01 00:00:00","c#","7176"
"2019-12-01 00:00:00","c++","4177"
"2019-12-01 00:00:00","clojure","60"
"2019-12-01 00:00:00","cobol","7"
"2019-12-01 00:00:00","coffeescript","5"
"2019-12-01 00:00:00","curl","203"
"2019-12-01 00:00:00","delphi","125"
"2019-12-01 00:00:00","fortran","51"
"2019-12-01 00:00:00","go","612"
"2019-12-01 00:00:00","groovy","146"
"2019-12-01 00:00:00","haskell","267"
"2019-12-01 00:00:00","java","8966"
"2019-12-01 00:00:00","javascript","14237"
"2019-12-01 00:00:00","julia","110"
"2019-12-01 00:00:00","kotlin","1138"
"2019-12-01 00:00:00","matlab","287"
"2019-12-01 00:00:00","objective-c","245"
"2019-12-01 00:00:00","pascal","10"
"2019-12-01 00:00:00","perl","156"
"2019-12-01 00:00:00","php","5215"
"2019-12-01 00:00:00","prolog","83"
"2019-12-01 00:00:00","python","18015"
"2019-12-01 00:00:00","r","3738"
"2019-12-01 00:00:00","ruby","667"
"2019-12-01 00:00:00","rust","322"
"2019-12-01 00:00:00","scala","590"
"2019-12-01 00:00:00","sql","3934"
"2019-12-01 00:00:00","typescript","2396"
"2020-01-01 00:00:00","ada","12"
"2020-01-01 00:00:00","assembly","228"
"2020-01-01 00:00:00","awk","170"
"2020-01-01 00:00:00","bash","962"
"2020-01-01 00:00:00","basic","3"
"2020-01-01 00:00:00","c","2038"
"2020-01-01 00:00:00","c#","7758"
"2020-01-01 00:00:00","c++","4197"
"2020-01-01 00:00:00","clojure","57"
"2020-01-01 00:00:00","cobol","11"
"2020-01-01 00:00:00","coffeescript","4"
"2020-01-01 00:00:00","curl","243"
"2020-01-01 00:00:00","delphi","163"
"2020-01-01 00:00:00","fortran","70"
"2020-01-01 00:00:00","go","645"
"2020-01-01 00:00:00","groovy","188"
"2020-01-01 00:00:00","haskell","240"
"2020-01-01 00:00:00","java","9871"
"2020-01-01 00:00:00","javascript","15939"
"2020-01-01 00:00:00","julia","145"
"2020-01-01 00:00:00","kotlin","1363"
"2020-01-01 00:00:00","matlab","321"
"2020-01-01 00:00:00","objective-c","265"
"2020-01-01 00:00:00","pascal","11"
"2020-01-01 00:00:00","perl","164"
"2020-01-01 00:00:00","php","5874"
"2020-01-01 00:00:00","prolog","61"
"2020-01-01 00:00:00","python","19871"
"2020-01-01 00:00:00","r","4132"
"2020-01-01 00:00:00","ruby","761"
"2020-01-01 00:00:00","rust","308"
"2020-01-01 00:00:00","scala","648"
"2020-01-01 00:00:00","sql","4192"
"2020-01-01 00:00:00","typescript","2506"
"2020-02-01 00:00:00","ada","14"
"2020-02-01 00:00:00","assembly","270"
"2020-02-01 00:00:00","awk","206"
"2020-02-01 00:00:00","bash","1040"
"2020-02-01 00:00:00","basic","8"
"2020-02-01 00:00:00","c","1971"
"2020-02-01 00:00:00","c#","7674"
"2020-02-01 00:00:00","c++","4058"
"2020-02-01 00:00:00","clojure","76"
"2020-02-01 00:00:00","cobol","9"
"2020-02-01 00:00:00","coffeescript","8"
"2020-02-01 00:00:00","curl","213"
"2020-02-01 00:00:00","delphi","156"
"2020-02-01 00:00:00","fortran","70"
"2020-02-01 00:00:00","go","656"
"2020-02-01 00:00:00","groovy","149"
"2020-02-01 00:00:00","haskell","203"
"2020-02-01 00:00:00","java","9981"
"2020-02-01 00:00:00","javascript","15668"
"2020-02-01 00:00:00","julia","97"
"2020-02-01 00:00:00","kotlin","1272"
"2020-02-01 00:00:00","matlab","330"
"2020-02-01 00:00:00","objective-c","250"
"2020-02-01 00:00:00","pascal","12"
"2020-02-01 00:00:00","perl","178"
"2020-02-01 00:00:00","php","5631"
"2020-02-01 00:00:00","prolog","53"
"2020-02-01 00:00:00","python","19921"
"2020-02-01 00:00:00","r","4666"
"2020-02-01 00:00:00","ruby","652"
"2020-02-01 00:00:00","rust","359"
"2020-02-01 00:00:00","scala","694"
"2020-02-01 00:00:00","sql","4324"
"2020-02-01 00:00:00","typescript","2559"
"2020-03-01 00:00:00","ada","7"
"2020-03-01 00:00:00","assembly","293"
"2020-03-01 00:00:00","awk","212"
"2020-03-01 00:00:00","bash","1157"
"2020-03-01 00:00:00","basic","6"
"2020-03-01 00:00:00","c","2471"
"2020-03-01 00:00:00","c#","7755"
"2020-03-01 00:00:00","c++","4619"
"2020-03-01 00:00:00","clojure","95"
"2020-03-01 00:00:00","cobol","4"
"2020-03-01 00:00:00","coffeescript","4"
"2020-03-01 00:00:00","curl","219"
"2020-03-01 00:00:00","delphi","166"
"2020-03-01 00:00:00","fortran","66"
"2020-03-01 00:00:00","go","651"
"2020-03-01 00:00:00","groovy","171"
"2020-03-01 00:00:00","haskell","244"
"2020-03-01 00:00:00","java","11007"
"2020-03-01 00:00:00","javascript","17466"
"2020-03-01 00:00:00","julia","113"
"2020-03-01 00:00:00","kotlin","1432"
"2020-03-01 00:00:00","matlab","298"
"2020-03-01 00:00:00","objective-c","237"
"2020-03-01 00:00:00","pascal","14"
"2020-03-01 00:00:00","perl","196"
"2020-03-01 00:00:00","php","5644"
"2020-03-01 00:00:00","prolog","95"
"2020-03-01 00:00:00","python","22548"
"2020-03-01 00:00:00","r","5110"
"2020-03-01 00:00:00","ruby","709"
"2020-03-01 00:00:00","rust","357"
"2020-03-01 00:00:00","scala","708"
"2020-03-01 00:00:00","sql","4498"
"2020-03-01 00:00:00","typescript","2698"
"2020-04-01 00:00:00","ada","20"
"2020-04-01 00:00:00","assembly","376"
"2020-04-01 00:00:00","awk","253"
"2020-04-01 00:00:00","bash","1277"
"2020-04-01 00:00:00","basic","4"
"2020-04-01 00:00:00","c","3233"
"2020-04-01 00:00:00","c#","8549"
"2020-04-01 00:00:00","c++","6174"
"2020-04-01 00:00:00","clojure","73"
"2020-04-01 00:00:00","cobol","14"
"2020-04-01 00:00:00","coffeescript","10"
"2020-04-01 00:00:00","curl","263"
"2020-04-01 00:00:00","delphi","231"
"2020-04-01 00:00:00","fortran","77"
"2020-04-01 00:00:00","go","792"
"2020-04-01 00:00:00","groovy","176"
"2020-04-01 00:00:00","haskell","260"
"2020-04-01 00:00:00","java","12543"
"2020-04-01 00:00:00","javascript","20780"
"2020-04-01 00:00:00","julia","136"
"2020-04-01 00:00:00","kotlin","1580"
"2020-04-01 00:00:00","matlab","427"
"2020-04-01 00:00:00","objective-c","285"
"2020-04-01 00:00:00","pascal","25"
"2020-04-01 00:00:00","perl","218"
"2020-04-01 00:00:00","php","6592"
"2020-04-01 00:00:00","prolog","147"
"2020-04-01 00:00:00","python","27475"
"2020-04-01 00:00:00","r","6172"
"2020-04-01 00:00:00","ruby","760"
"2020-04-01 00:00:00","rust","452"
"2020-04-01 00:00:00","scala","844"
"2020-04-01 00:00:00","sql","4922"
"2020-04-01 00:00:00","typescript","3242"
"2020-05-01 00:00:00","ada","17"
"2020-05-01 00:00:00","assembly","357"
"2020-05-01 00:00:00","awk","244"
"2020-05-01 00:00:00","bash","1196"
"2020-05-01 00:00:00","basic","5"
"2020-05-01 00:00:00","c","3351"
"2020-05-01 00:00:00","c#","8556"
"2020-05-01 00:00:00","c++","6365"
"2020-05-01 00:00:00","clojure","70"
"2020-05-01 00:00:00","cobol","20"
"2020-05-01 00:00:00","coffeescript","10"
"2020-05-01 00:00:00","curl","283"
"2020-05-01 00:00:00","delphi","200"
"2020-05-01 00:00:00","fortran","94"
"2020-05-01 00:00:00","go","749"
"2020-05-01 00:00:00","groovy","179"
"2020-05-01 00:00:00","haskell","311"
"2020-05-01 00:00:00","java","11947"
"2020-05-01 00:00:00","javascript","21375"
"2020-05-01 00:00:00","julia","168"
"2020-05-01 00:00:00","kotlin","1619"
"2020-05-01 00:00:00","matlab","364"
"2020-05-01 00:00:00","objective-c","270"
"2020-05-01 00:00:00","pascal","11"
"2020-05-01 00:00:00","perl","211"
"2020-05-01 00:00:00","php","6485"
"2020-05-01 00:00:00","prolog","102"
"2020-05-01 00:00:00","python","29287"
"2020-05-01 00:00:00","r","6003"
"2020-05-01 00:00:00","ruby","694"
"2020-05-01 00:00:00","rust","497"
"2020-05-01 00:00:00","scala","868"
"2020-05-01 00:00:00","sql","4844"
"2020-05-01 00:00:00","typescript","3288"
"2020-06-01 00:00:00","ada","20"
"2020-06-01 00:00:00","assembly","327"
"2020-06-01 00:00:00","awk","247"
"2020-06-01 00:00:00","bash","1109"
"2020-06-01 00:00:00","basic","5"
"2020-06-01 00:00:00","c","2580"
"2020-06-01 00:00:00","c#","7865"
"2020-06-01 00:00:00","c++","5593"
"2020-06-01 00:00:00","clojure","56"
"2020-06-01 00:00:00","cobol","19"
"2020-06-01 00:00:00","coffeescript","4"
"2020-06-01 00:00:00","curl","274"
"2020-06-01 00:00:00","delphi","202"
"2020-06-01 00:00:00","fortran","102"
"2020-06-01 00:00:00","go","705"
"2020-06-01 00:00:00","groovy","152"
"2020-06-01 00:00:00","haskell","191"
"2020-06-01 00:00:00","java","10770"
"2020-06-01 00:00:00","javascript","19692"
"2020-06-01 00:00:00","julia","125"
"2020-06-01 00:00:00","kotlin","1483"
"2020-06-01 00:00:00","matlab","295"
"2020-06-01 00:00:00","objective-c","219"
"2020-06-01 00:00:00","pascal","12"
"2020-06-01 00:00:00","perl","198"
"2020-06-01 00:00:00","php","5901"
"2020-06-01 00:00:00","prolog","71"
"2020-06-01 00:00:00","python","26994"
"2020-06-01 00:00:00","r","5431"
"2020-06-01 00:00:00","ruby","611"
"2020-06-01 00:00:00","rust","418"
"2020-06-01 00:00:00","scala","779"
"2020-06-01 00:00:00","sql","4585"
"2020-06-01 00:00:00","typescript","3032"
"2020-07-01 00:00:00","ada","17"
"2020-07-01 00:00:00","assembly","269"
"2020-07-01 00:00:00","awk","210"
"2020-07-01 00:00:00","bash","989"
"2020-07-01 00:00:00","basic","1"
"2020-07-01 00:00:00","c","2087"
"2020-07-01 00:00:00","c#","7769"
"2020-07-01 00:00:00","c++","5146"
"2020-07-01 00:00:00","clojure","51"
"2020-07-01 00:00:00","cobol","9"
"2020-07-01 00:00:00","coffeescript","5"
"2020-07-01 00:00:00","curl","233"
"2020-07-01 00:00:00","delphi","192"
"2020-07-01 00:00:00","fortran","76"
"2020-07-01 00:00:00","go","638"
"2020-07-01 00:00:00","groovy","149"
"2020-07-01 00:00:00","haskell","213"
"2020-07-01 00:00:00","java","10397"
"2020-07-01 00:00:00","javascript","19782"
"2020-07-01 00:00:00","julia","144"
"2020-07-01 00:00:00","kotlin","1336"
"2020-07-01 00:00:00","matlab","308"
"2020-07-01 00:00:00","objective-c","285"
"2020-07-01 00:00:00","pascal","11"
"2020-07-01 00:00:00","perl","175"
"2020-07-01 00:00:00","php","5916"
"2020-07-01 00:00:00","prolog","37"
"2020-07-01 00:00:00","python","26176"
"2020-07-01 00:00:00","r","4932"
"2020-07-01 00:00:00","ruby","695"
"2020-07-01 00:00:00","rust","468"
"2020-07-01 00:00:00","scala","698"
"2020-07-01 00:00:00","sql","4373"
"2020-07-01 00:00:00","typescript","3109"
"2020-08-01 00:00:00","ada","15"
"2020-08-01 00:00:00","assembly","264"
"2020-08-01 00:00:00","awk","195"
"2020-08-01 00:00:00","bash","891"
"2020-08-01 00:00:00","basic","5"
"2020-08-01 00:00:00","c","1887"
"2020-08-01 00:00:00","c#","7037"
"2020-08-01 00:00:00","c++","4758"
"2020-08-01 00:00:00","clojure","45"
"2020-08-01 00:00:00","cobol","4"
"2020-08-01 00:00:00","coffeescript","1"
"2020-08-01 00:00:00","curl","234"
"2020-08-01 00:00:00","delphi","183"
"2020-08-01 00:00:00","fortran","68"
"2020-08-01 00:00:00","go","704"
"2020-08-01 00:00:00","groovy","147"
"2020-08-01 00:00:00","haskell","193"
"2020-08-01 00:00:00","java","9258"
"2020-08-01 00:00:00","javascript","17942"
"2020-08-01 00:00:00","julia","139"
"2020-08-01 00:00:00","kotlin","1263"
"2020-08-01 00:00:00","matlab","228"
"2020-08-01 00:00:00","objective-c","206"
"2020-08-01 00:00:00","pascal","9"
"2020-08-01 00:00:00","perl","192"
"2020-08-01 00:00:00","php","4972"
"2020-08-01 00:00:00","prolog","41"
"2020-08-01 00:00:00","python","22921"
"2020-08-01 00:00:00","r","4486"
"2020-08-01 00:00:00","ruby","553"
"2020-08-01 00:00:00","rust","468"
"2020-08-01 00:00:00","scala","562"
"2020-08-01 00:00:00","sql","3871"
"2020-08-01 00:00:00","typescript","2801"
"2020-09-01 00:00:00","ada","24"
"2020-09-01 00:00:00","assembly","294"
"2020-09-01 00:00:00","awk","234"
"2020-09-01 00:00:00","bash","889"
"2020-09-01 00:00:00","basic","2"
"2020-09-01 00:00:00","c","2139"
"2020-09-01 00:00:00","c#","6428"
"2020-09-01 00:00:00","c++","3902"
"2020-09-01 00:00:00","clojure","47"
"2020-09-01 00:00:00","cobol","17"
"2020-09-01 00:00:00","coffeescript","3"
"2020-09-01 00:00:00","curl","222"
"2020-09-01 00:00:00","delphi","172"
"2020-09-01 00:00:00","fortran","66"
"2020-09-01 00:00:00","go","727"
"2020-09-01 00:00:00","groovy","157"
"2020-09-01 00:00:00","haskell","192"
"2020-09-01 00:00:00","java","8895"
"2020-09-01 00:00:00","javascript","16694"
"2020-09-01 00:00:00","julia","109"
"2020-09-01 00:00:00","kotlin","1367"
"2020-09-01 00:00:00","matlab","239"
"2020-09-01 00:00:00","objective-c","224"
"2020-09-01 00:00:00","pascal","17"
"2020-09-01 00:00:00","perl","165"
"2020-09-01 00:00:00","php","4750"
"2020-09-01 00:00:00","prolog","54"
"2020-09-01 00:00:00","python","21612"
"2020-09-01 00:00:00","r","4749"
"2020-09-01 00:00:00","ruby","512"
"2020-09-01 00:00:00","rust","444"
"2020-09-01 00:00:00","scala","553"
"2020-09-01 00:00:00","sql","4139"
"2020-09-01 00:00:00","typescript","2769"
"2020-10-01 00:00:00","ada","15"
"2020-10-01 00:00:00","assembly","343"
"2020-10-01 00:00:00","awk","249"
"2020-10-01 00:00:00","bash","984"
"2020-10-01 00:00:00","basic","3"
"2020-10-01 00:00:00","c","2357"
"2020-10-01 00:00:00","c#","6164"
"2020-10-01 00:00:00","c++","4299"
"2020-10-01 00:00:00","clojure","44"
"2020-10-01 00:00:00","cobol","5"
"2020-10-01 00:00:00","coffeescript","2"
"2020-10-01 00:00:00","curl","203"
"2020-10-01 00:00:00","delphi","180"
"2020-10-01 00:00:00","fortran","58"
"2020-10-01 00:00:00","go","589"
"2020-10-01 00:00:00","groovy","119"
"2020-10-01 00:00:00","haskell","257"
"2020-10-01 00:00:00","java","8893"
"2020-10-01 00:00:00","javascript","16343"
"2020-10-01 00:00:00","julia","171"
"2020-10-01 00:00:00","kotlin","1422"
"2020-10-01 00:00:00","matlab","312"
"2020-10-01 00:00:00","objective-c","247"
"2020-10-01 00:00:00","pascal","17"
"2020-10-01 00:00:00","perl","170"
"2020-10-01 00:00:00","php","4560"
"2020-10-01 00:00:00","prolog","80"
"2020-10-01 00:00:00","python","22668"
"2020-10-01 00:00:00","r","5061"
"2020-10-01 00:00:00","ruby","491"
"2020-10-01 00:00:00","rust","441"
"2020-10-01 00:00:00","scala","618"
"2020-10-01 00:00:00","sql","4253"
"2020-10-01 00:00:00","typescript","2785"
"2020-11-01 00:00:00","ada","23"
"2020-11-01 00:00:00","assembly","374"
"2020-11-01 00:00:00","awk","233"
"2020-11-01 00:00:00","bash","932"
"2020-11-01 00:00:00","basic","4"
"2020-11-01 00:00:00","c","2682"
"2020-11-01 00:00:00","c#","5957"
"2020-11-01 00:00:00","c++","4291"
"2020-11-01 00:00:00","clojure","45"
"2020-11-01 00:00:00","cobol","9"
"2020-11-01 00:00:00","coffeescript","2"
"2020-11-01 00:00:00","curl","198"
"2020-11-01 00:00:00","delphi","193"
"2020-11-01 00:00:00","fortran","88"
"2020-11-01 00:00:00","go","523"
"2020-11-01 00:00:00","groovy","124"
"2020-11-01 00:00:00","haskell","280"
"2020-11-01 00:00:00","java","8436"
"2020-11-01 00:00:00","javascript","15430"
"2020-11-01 00:00:00","julia","184"
"2020-11-01 00:00:00","kotlin","1399"
"2020-11-01 00:00:00","matlab","333"
"2020-11-01 00:00:00","objective-c","210"
"2020-11-01 00:00:00","pascal","18"
"2020-11-01 00:00:00","perl","149"
"2020-11-01 00:00:00","php","4596"
"2020-11-01 00:00:00","prolog","155"
"2020-11-01 00:00:00","python","22034"
"2020-11-01 00:00:00","r","4796"
"2020-11-01 00:00:00","ruby","501"
"2020-11-01 00:00:00","rust","371"
"2020-11-01 00:00:00","scala","476"
"2020-11-01 00:00:00","sql","4170"
"2020-11-01 00:00:00","typescript","2523"
"2020-12-01 00:00:00","ada","11"
"2020-12-01 00:00:00","assembly","297"
"2020-12-01 00:00:00","awk","220"
"2020-12-01 00:00:00","bash","761"
"2020-12-01 00:00:00","basic","7"
"2020-12-01 00:00:00","c","2632"
"2020-12-01 00:00:00","c#","5715"
"2020-12-01 00:00:00","c++","4432"
"2020-12-01 00:00:00","clojure","53"
"2020-12-01 00:00:00","cobol","13"
"2020-12-01 00:00:00","coffeescript","1"
"2020-12-01 00:00:00","curl","200"
"2020-12-01 00:00:00","delphi","190"
"2020-12-01 00:00:00","fortran","83"
"2020-12-01 00:00:00","go","533"
"2020-12-01 00:00:00","groovy","152"
"2020-12-01 00:00:00","haskell","246"
"2020-12-01 00:00:00","java","7761"
"2020-12-01 00:00:00","javascript","15931"
"2020-12-01 00:00:00","julia","174"
"2020-12-01 00:00:00","kotlin","1307"
"2020-12-01 00:00:00","matlab","282"
"2020-12-01 00:00:00","objective-c","160"
"2020-12-01 00:00:00","pascal","21"
"2020-12-01 00:00:00","perl","131"
"2020-12-01 00:00:00","php","4777"
"2020-12-01 00:00:00","prolog","128"
"2020-12-01 00:00:00","python","22049"
"2020-12-01 00:00:00","r","4326"
"2020-12-01 00:00:00","ruby","497"
"2020-12-01 00:00:00","rust","475"
"2020-12-01 00:00:00","scala","466"
"2020-12-01 00:00:00","sql","3940"
"2020-12-01 00:00:00","typescript","2474"
"2021-01-01 00:00:00","ada","15"
"2021-01-01 00:00:00","assembly","306"
"2021-01-01 00:00:00","awk","190"
"2021-01-01 00:00:00","bash","761"
"2021-01-01 00:00:00","basic","5"
"2021-01-01 00:00:00","c","2557"
"2021-01-01 00:00:00","c#","6159"
"2021-01-01 00:00:00","c++","4088"
"2021-01-01 00:00:00","clojure","59"
"2021-01-01 00:00:00","cobol","9"
"2021-01-01 00:00:00","coffeescript","4"
"2021-01-01 00:00:00","curl","189"
"2021-01-01 00:00:00","delphi","199"
"2021-01-01 00:00:00","fortran","92"
"2021-01-01 00:00:00","go","563"
"2021-01-01 00:00:00","groovy","139"
"2021-01-01 00:00:00","haskell","238"
"2021-01-01 00:00:00","java","7996"
"2021-01-01 00:00:00","javascript","16775"
"2021-01-01 00:00:00","julia","229"
"2021-01-01 00:00:00","kotlin","1388"
"2021-01-01 00:00:00","matlab","278"
"2021-01-01 00:00:00","objective-c","149"
"2021-01-01 00:00:00","pascal","16"
"2021-01-01 00:00:00","perl","145"
"2021-01-01 00:00:00","php","4742"
"2021-01-01 00:00:00","prolog","89"
"2021-01-01 00:00:00","python","22761"
"2021-01-01 00:00:00","r","4335"
"2021-01-01 00:00:00","ruby","522"
"2021-01-01 00:00:00","rust","505"
"2021-01-01 00:00:00","scala","459"
"2021-01-01 00:00:00","sql","3627"
"2021-01-01 00:00:00","typescript","2657"
"2021-02-01 00:00:00","ada","24"
"2021-02-01 00:00:00","assembly","244"
"2021-02-01 00:00:00","awk","176"
"2021-02-01 00:00:00","bash","816"
"2021-02-01 00:00:00","basic","10"
"2021-02-01 00:00:00","c","2230"
"2021-02-01 00:00:00","c#","5769"
"2021-02-01 00:00:00","c++","4074"
"2021-02-01 00:00:00","clojure","43"
"2021-02-01 00:00:00","cobol","12"
"2021-02-01 00:00:00","coffeescript","3"
"2021-02-01 00:00:00","curl","207"
"2021-02-01 00:00:00","delphi","187"
"2021-02-01 00:00:00","fortran","65"
"2021-02-01 00:00:00","go","564"
"2021-02-01 00:00:00","groovy","138"
"2021-02-01 00:00:00","haskell","187"
"2021-02-01 00:00:00","java","7533"
"2021-02-01 00:00:00","javascript","15193"
"2021-02-01 00:00:00","julia","160"
"2021-02-01 00:00:00","kotlin","1215"
"2021-02-01 00:00:00","matlab","289"
"2021-02-01 00:00:00","objective-c","176"
"2021-02-01 00:00:00","pascal","18"
"2021-02-01 00:00:00","perl","133"
"2021-02-01 00:00:00","php","4376"
"2021-02-01 00:00:00","prolog","74"
"2021-02-01 00:00:00","python","21294"
"2021-02-01 00:00:00","r","4315"
"2021-02-01 00:00:00","ruby","529"
"2021-02-01 00:00:00","rust","432"
"2021-02-01 00:00:00","scala","456"
"2021-02-01 00:00:00","sql","3569"
"2021-02-01 00:00:00","typescript","2522"
"2021-03-01 00:00:00","ada","29"
"2021-03-01 00:00:00","assembly","317"
"2021-03-01 00:00:00","awk","201"
"2021-03-01 00:00:00","bash","929"
"2021-03-01 00:00:00","basic","3"
"2021-03-01 00:00:00","c","2473"
"2021-03-01 00:00:00","c#","6353"
"2021-03-01 00:00:00","c++","4274"
"2021-03-01 00:00:00","clojure","43"
"2021-03-01 00:00:00","cobol","8"
"2021-03-01 00:00:00","coffeescript","8"
"2021-03-01 00:00:00","curl","203"
"2021-03-01 00:00:00","delphi","254"
"2021-03-01 00:00:00","fortran","78"
"2021-03-01 00:00:00","go","751"
"2021-03-01 00:00:00","groovy","150"
"2021-03-01 00:00:00","haskell","226"
"2021-03-01 00:00:00","java","8621"
"2021-03-01 00:00:00","javascript","16666"
"2021-03-01 00:00:00","julia","149"
"2021-03-01 00:00:00","kotlin","1357"
"2021-03-01 00:00:00","matlab","292"
"2021-03-01 00:00:00","objective-c","172"
"2021-03-01 00:00:00","pascal","18"
"2021-03-01 00:00:00","perl","151"
"2021-03-01 00:00:00","php","4727"
"2021-03-01 00:00:00","prolog","70"
"2021-03-01 00:00:00","python","23695"
"2021-03-01 00:00:00","r","5160"
"2021-03-01 00:00:00","ruby","495"
"2021-03-01 00:00:00","rust","568"
"2021-03-01 00:00:00","scala","547"
"2021-03-01 00:00:00","sql","4173"
"2021-03-01 00:00:00","typescript","3073"
"2021-04-01 00:00:00","ada","26"
"2021-04-01 00:00:00","assembly","318"
"2021-04-01 00:00:00","awk","182"
"2021-04-01 00:00:00","bash","872"
"2021-04-01 00:00:00","basic","3"
"2021-04-01 00:00:00","c","2287"
"2021-04-01 00:00:00","c#","5865"
"2021-04-01 00:00:00","c++","3907"
"2021-04-01 00:00:00","clojure","38"
"2021-04-01 00:00:00","cobol","11"
"2021-04-01 00:00:00","coffeescript","3"
"2021-04-01 00:00:00","curl","196"
"2021-04-01 00:00:00","delphi","170"
"2021-04-01 00:00:00","fortran","58"
"2021-04-01 00:00:00","go","619"
"2021-04-01 00:00:00","groovy","146"
"2021-04-01 00:00:00","haskell","231"
"2021-04-01 00:00:00","java","7877"
"2021-04-01 00:00:00","javascript","15765"
"2021-04-01 00:00:00","julia","150"
"2021-04-01 00:00:00","kotlin","1360"
"2021-04-01 00:00:00","matlab","292"
"2021-04-01 00:00:00","objective-c","161"
"2021-04-01 00:00:00","pascal","22"
"2021-04-01 00:00:00","perl","136"
"2021-04-01 00:00:00","php","4291"
"2021-04-01 00:00:00","prolog","88"
"2021-04-01 00:00:00","python","22283"
"2021-04-01 00:00:00","r","4787"
"2021-04-01 00:00:00","ruby","515"
"2021-04-01 00:00:00","rust","555"
"2021-04-01 00:00:00","scala","446"
"2021-04-01 00:00:00","sql","3891"
"2021-04-01 00:00:00","typescript","2791"
"2021-05-01 00:00:00","ada","12"
"2021-05-01 00:00:00","assembly","300"
"2021-05-01 00:00:00","awk","169"
"2021-05-01 00:00:00","bash","801"
"2021-05-01 00:00:00","basic","1"
"2021-05-01 00:00:00","c","2074"
"2021-05-01 00:00:00","c#","5696"
"2021-05-01 00:00:00","c++","4160"
"2021-05-01 00:00:00","clojure","51"
"2021-05-01 00:00:00","cobol","12"
"2021-05-01 00:00:00","coffeescript","4"
"2021-05-01 00:00:00","curl","194"
"2021-05-01 00:00:00","delphi","167"
"2021-05-01 00:00:00","fortran","83"
"2021-05-01 00:00:00","go","638"
"2021-05-01 00:00:00","groovy","106"
"2021-05-01 00:00:00","haskell","256"
"2021-05-01 00:00:00","java","7896"
"2021-05-01 00:00:00","javascript","15705"
"2021-05-01 00:00:00","julia","148"
"2021-05-01 00:00:00","kotlin","1377"
"2021-05-01 00:00:00","matlab","214"
"2021-05-01 00:00:00","objective-c","128"
"2021-05-01 00:00:00","pascal","22"
"2021-05-01 00:00:00","perl","120"
"2021-05-01 00:00:00","php","4244"
"2021-05-01 00:00:00","prolog","102"
"2021-05-01 00:00:00","python","22250"
"2021-05-01 00:00:00","r","4657"
"2021-05-01 00:00:00","ruby","399"
"2021-05-01 00:00:00","rust","485"
"2021-05-01 00:00:00","scala","442"
"2021-05-01 00:00:00","sql","3756"
"2021-05-01 00:00:00","typescript","2713"
"2021-06-01 00:00:00","ada","14"
"2021-06-01 00:00:00","assembly","257"
"2021-06-01 00:00:00","awk","176"
"2021-06-01 00:00:00","bash","862"
"2021-06-01 00:00:00","basic","3"
"2021-06-01 00:00:00","c","1859"
"2021-06-01 00:00:00","c#","5590"
"2021-06-01 00:00:00","c++","3799"
"2021-06-01 00:00:00","clojure","33"
"2021-06-01 00:00:00","cobol","12"
"2021-06-01 00:00:00","coffeescript","2"
"2021-06-01 00:00:00","curl","196"
"2021-06-01 00:00:00","delphi","125"
"2021-06-01 00:00:00","fortran","76"
"2021-06-01 00:00:00","go","606"
"2021-06-01 00:00:00","groovy","144"
"2021-06-01 00:00:00","haskell","182"
"2021-06-01 00:00:00","java","7536"
"2021-06-01 00:00:00","javascript","14895"
"2021-06-01 00:00:00","julia","147"
"2021-06-01 00:00:00","kotlin","1419"
"2021-06-01 00:00:00","matlab","195"
"2021-06-01 00:00:00","objective-c","139"
"2021-06-01 00:00:00","pascal","11"
"2021-06-01 00:00:00","perl","154"
"2021-06-01 00:00:00","php","4053"
"2021-06-01 00:00:00","prolog","59"
"2021-06-01 00:00:00","python","20746"
"2021-06-01 00:00:00","r","4269"
"2021-06-01 00:00:00","ruby","417"
"2021-06-01 00:00:00","rust","502"
"2021-06-01 00:00:00","scala","404"
"2021-06-01 00:00:00","sql","3888"
"2021-06-01 00:00:00","typescript","2769"
"2021-07-01 00:00:00","ada","14"
"2021-07-01 00:00:00","assembly","184"
"2021-07-01 00:00:00","awk","178"
"2021-07-01 00:00:00","bash","747"
"2021-07-01 00:00:00","basic","5"
"2021-07-01 00:00:00","c","1606"
"2021-07-01 00:00:00","c#","5173"
"2021-07-01 00:00:00","c++","3471"
"2021-07-01 00:00:00","clojure","31"
"2021-07-01 00:00:00","cobol","7"
"2021-07-01 00:00:00","coffeescript","2"
"2021-07-01 00:00:00","curl","194"
"2021-07-01 00:00:00","delphi","140"
"2021-07-01 00:00:00","fortran","90"
"2021-07-01 00:00:00","go","602"
"2021-07-01 00:00:00","groovy","152"
"2021-07-01 00:00:00","haskell","155"
"2021-07-01 00:00:00","java","6911"
"2021-07-01 00:00:00","javascript","14671"
"2021-07-01 00:00:00","julia","196"
"2021-07-01 00:00:00","kotlin","1363"
"2021-07-01 00:00:00","matlab","182"
"2021-07-01 00:00:00","objective-c","122"
"2021-07-01 00:00:00","pascal","2"
"2021-07-01 00:00:00","perl","138"
"2021-07-01 00:00:00","php","3878"
"2021-07-01 00:00:00","prolog","42"
"2021-07-01 00:00:00","python","20449"
"2021-07-01 00:00:00","r","4040"
"2021-07-01 00:00:00","ruby","444"
"2021-07-01 00:00:00","rust","505"
"2021-07-01 00:00:00","scala","384"
"2021-07-01 00:00:00","sql","3624"
"2021-07-01 00:00:00","typescript","2712"
"2021-08-01 00:00:00","ada","7"
"2021-08-01 00:00:00","assembly","161"
"2021-08-01 00:00:00","awk","179"
"2021-08-01 00:00:00","bash","750"
"2021-08-01 00:00:00","basic","4"
"2021-08-01 00:00:00","c","1522"
"2021-08-01 00:00:00","c#","5083"
"2021-08-01 00:00:00","c++","3226"
"2021-08-01 00:00:00","clojure","38"
"2021-08-01 00:00:00","cobol","15"
"2021-08-01 00:00:00","coffeescript","1"
"2021-08-01 00:00:00","curl","165"
"2021-08-01 00:00:00","delphi","133"
"2021-08-01 00:00:00","fortran","60"
"2021-08-01 00:00:00","go","740"
"2021-08-01 00:00:00","groovy","167"
"2021-08-01 00:00:00","haskell","155"
"2021-08-01 00:00:00","java","6702"
"2021-08-01 00:00:00","javascript","14521"
"2021-08-01 00:00:00","julia","136"
"2021-08-01 00:00:00","kotlin","1416"
"2021-08-01 00:00:00","matlab","147"
"2021-08-01 00:00:00","objective-c","122"
"2021-08-01 00:00:00","pascal","6"
"2021-08-01 00:00:00","perl","118"
"2021-08-01 00:00:00","php","3845"
"2021-08-01 00:00:00","prolog","34"
"2021-08-01 00:00:00","python","19718"
"2021-08-01 00:00:00","r","4028"
"2021-08-01 00:00:00","ruby","445"
"2021-08-01 00:00:00","rust","450"
"2021-08-01 00:00:00","scala","397"
"2021-08-01 00:00:00","sql","3556"
"2021-08-01 00:00:00","typescript","2837"
"2021-09-01 00:00:00","ada","14"
"2021-09-01 00:00:00","assembly","190"
"2021-09-01 00:00:00","awk","160"
"2021-09-01 00:00:00","bash","690"
"2021-09-01 00:00:00","basic","3"
"2021-09-01 00:00:00","c","1697"
"2021-09-01 00:00:00","c#","5018"
"2021-09-01 00:00:00","c++","3572"
"2021-09-01 00:00:00","clojure","32"
"2021-09-01 00:00:00","cobol","12"
"2021-09-01 00:00:00","coffeescript","4"
"2021-09-01 00:00:00","curl","188"
"2021-09-01 00:00:00","delphi","133"
"2021-09-01 00:00:00","fortran","68"
"2021-09-01 00:00:00","go","615"
"2021-09-01 00:00:00","groovy","133"
"2021-09-01 00:00:00","haskell","155"
"2021-09-01 00:00:00","java","6576"
"2021-09-01 00:00:00","javascript","14323"
"2021-09-01 00:00:00","julia","148"
"2021-09-01 00:00:00","kotlin","1409"
"2021-09-01 00:00:00","matlab","208"
"2021-09-01 00:00:00","objective-c","106"
"2021-09-01 00:00:00","pascal","6"
"2021-09-01 00:00:00","perl","112"
"2021-09-01 00:00:00","php","3697"
"2021-09-01 00:00:00","prolog","31"
"2021-09-01 00:00:00","python","18889"
"2021-09-01 00:00:00","r","3892"
"2021-09-01 00:00:00","ruby","444"
"2021-09-01 00:00:00","rust","395"
"2021-09-01 00:00:00","scala","377"
"2021-09-01 00:00:00","sql","3409"
"2021-09-01 00:00:00","typescript","2800"
"2021-10-01 00:00:00","ada","12"
"2021-10-01 00:00:00","assembly","203"
"2021-10-01 00:00:00","awk","139"
"2021-10-01 00:00:00","bash","778"
"2021-10-01 00:00:00","basic","1"
"2021-10-01 00:00:00","c","2085"
"2021-10-01 00:00:00","c#","5250"
"2021-10-01 00:00:00","c++","3688"
"2021-10-01 00:00:00","clojure","30"
"2021-10-01 00:00:00","cobol","16"
"2021-10-01 00:00:00","coffeescript","1"
"2021-10-01 00:00:00","curl","157"
"2021-10-01 00:00:00","delphi","143"
"2021-10-01 00:00:00","fortran","64"
"2021-10-01 00:00:00","go","697"
"2021-10-01 00:00:00","groovy","134"
"2021-10-01 00:00:00","haskell","295"
"2021-10-01 00:00:00","java","6520"
"2021-10-01 00:00:00","javascript","13731"
"2021-10-01 00:00:00","julia","153"
"2021-10-01 00:00:00","kotlin","1296"
"2021-10-01 00:00:00","matlab","172"
"2021-10-01 00:00:00","objective-c","128"
"2021-10-01 00:00:00","pascal","5"
"2021-10-01 00:00:00","perl","127"
"2021-10-01 00:00:00","php","3581"
"2021-10-01 00:00:00","prolog","53"
"2021-10-01 00:00:00","python","19681"
"2021-10-01 00:00:00","r","4162"
"2021-10-01 00:00:00","ruby","413"
"2021-10-01 00:00:00","rust","455"
"2021-10-01 00:00:00","scala","431"
"2021-10-01 00:00:00","sql","3198"
"2021-10-01 00:00:00","typescript","2849"
"2021-11-01 00:00:00","ada","22"
"2021-11-01 00:00:00","assembly","279"
"2021-11-01 00:00:00","awk","136"
"2021-11-01 00:00:00","bash","889"
"2021-11-01 00:00:00","basic","3"
"2021-11-01 00:00:00","c","2199"
"2021-11-01 00:00:00","c#","5548"
"2021-11-01 00:00:00","c++","3785"
"2021-11-01 00:00:00","clojure","30"
"2021-11-01 00:00:00","cobol","8"
"2021-11-01 00:00:00","coffeescript","2"
"2021-11-01 00:00:00","curl","172"
"2021-11-01 00:00:00","delphi","138"
"2021-11-01 00:00:00","fortran","73"
"2021-11-01 00:00:00","go","646"
"2021-11-01 00:00:00","groovy","135"
"2021-11-01 00:00:00","haskell","296"
"2021-11-01 00:00:00","java","6868"
"2021-11-01 00:00:00","javascript","13357"
"2021-11-01 00:00:00","julia","152"
"2021-11-01 00:00:00","kotlin","1445"
"2021-11-01 00:00:00","matlab","228"
"2021-11-01 00:00:00","objective-c","128"
"2021-11-01 00:00:00","pascal","9"
"2021-11-01 00:00:00","perl","76"
"2021-11-01 00:00:00","php","3469"
"2021-11-01 00:00:00","prolog","88"
"2021-11-01 00:00:00","python","19917"
"2021-11-01 00:00:00","r","4018"
"2021-11-01 00:00:00","ruby","391"
"2021-11-01 00:00:00","rust","487"
"2021-11-01 00:00:00","scala","384"
"2021-11-01 00:00:00","sql","3354"
"2021-11-01 00:00:00","typescript","2720"
"2021-12-01 00:00:00","ada","10"
"2021-12-01 00:00:00","assembly","264"
"2021-12-01 00:00:00","awk","134"
"2021-12-01 00:00:00","bash","796"
"2021-12-01 00:00:00","basic","4"
"2021-12-01 00:00:00","c","2090"
"2021-12-01 00:00:00","c#","4997"
"2021-12-01 00:00:00","c++","3545"
"2021-12-01 00:00:00","clojure","31"
"2021-12-01 00:00:00","cobol","7"
"2021-12-01 00:00:00","curl","134"
"2021-12-01 00:00:00","delphi","143"
"2021-12-01 00:00:00","fortran","46"
"2021-12-01 00:00:00","go","710"
"2021-12-01 00:00:00","groovy","119"
"2021-12-01 00:00:00","haskell","221"
"2021-12-01 00:00:00","java","6139"
"2021-12-01 00:00:00","javascript","12987"
"2021-12-01 00:00:00","julia","134"
"2021-12-01 00:00:00","kotlin","1295"
"2021-12-01 00:00:00","matlab","182"
"2021-12-01 00:00:00","objective-c","109"
"2021-12-01 00:00:00","pascal","20"
"2021-12-01 00:00:00","perl","100"
"2021-12-01 00:00:00","php","3217"
"2021-12-01 00:00:00","prolog","84"
"2021-12-01 00:00:00","python","18897"
"2021-12-01 00:00:00","r","3535"
"2021-12-01 00:00:00","ruby","365"
"2021-12-01 00:00:00","rust","623"
"2021-12-01 00:00:00","scala","379"
"2021-12-01 00:00:00","sql","3161"
"2021-12-01 00:00:00","typescript","2633"
"2022-01-01 00:00:00","ada","18"
"2022-01-01 00:00:00","assembly","227"
"2022-01-01 00:00:00","awk","137"
"2022-01-01 00:00:00","bash","882"
"2022-01-01 00:00:00","basic","4"
"2022-01-01 00:00:00","c","1939"
"2022-01-01 00:00:00","c#","5237"
"2022-01-01 00:00:00","c++","3587"
"2022-01-01 00:00:00","clojure","18"
"2022-01-01 00:00:00","cobol","11"
"2022-01-01 00:00:00","coffeescript","4"
"2022-01-01 00:00:00","curl","168"
"2022-01-01 00:00:00","delphi","132"
"2022-01-01 00:00:00","fortran","66"
"2022-01-01 00:00:00","go","737"
"2022-01-01 00:00:00","groovy","117"
"2022-01-01 00:00:00","haskell","191"
"2022-01-01 00:00:00","java","6395"
"2022-01-01 00:00:00","javascript","13853"
"2022-01-01 00:00:00","julia","166"
"2022-01-01 00:00:00","kotlin","1438"
"2022-01-01 00:00:00","matlab","187"
"2022-01-01 00:00:00","objective-c","134"
"2022-01-01 00:00:00","pascal","9"
"2022-01-01 00:00:00","perl","126"
"2022-01-01 00:00:00","php","3358"
"2022-01-01 00:00:00","prolog","66"
"2022-01-01 00:00:00","python","19561"
"2022-01-01 00:00:00","r","3843"
"2022-01-01 00:00:00","ruby","442"
"2022-01-01 00:00:00","rust","607"
"2022-01-01 00:00:00","scala","376"
"2022-01-01 00:00:00","sql","3090"
"2022-01-01 00:00:00","typescript","2951"
"2022-02-01 00:00:00","ada","16"
"2022-02-01 00:00:00","assembly","213"
"2022-02-01 00:00:00","awk","131"
"2022-02-01 00:00:00","bash","875"
"2022-02-01 00:00:00","basic","4"
"2022-02-01 00:00:00","c","1667"
"2022-02-01 00:00:00","c#","5066"
"2022-02-01 00:00:00","c++","3175"
"2022-02-01 00:00:00","clojure","20"
"2022-02-01 00:00:00","cobol","4"
"2022-02-01 00:00:00","coffeescript","2"
"2022-02-01 00:00:00","curl","138"
"2022-02-01 00:00:00","delphi","166"
"2022-02-01 00:00:00","fortran","52"
"2022-02-01 00:00:00","go","640"
"2022-02-01 00:00:00","groovy","138"
"2022-02-01 00:00:00","haskell","237"
"2022-02-01 00:00:00","java","5878"
"2022-02-01 00:00:00","javascript","12725"
"2022-02-01 00:00:00","julia","126"
"2022-02-01 00:00:00","kotlin","1275"
"2022-02-01 00:00:00","matlab","163"
"2022-02-01 00:00:00","objective-c","93"
"2022-02-01 00:00:00","pascal","8"
"2022-02-01 00:00:00","perl","96"
"2022-02-01 00:00:00","php","3103"
"2022-02-01 00:00:00","prolog","41"
"2022-02-01 00:00:00","python","19156"
"2022-02-01 00:00:00","r","3905"
"2022-02-01 00:00:00","ruby","403"
"2022-02-01 00:00:00","rust","493"
"2022-02-01 00:00:00","scala","334"
"2022-02-01 00:00:00","sql","3193"
"2022-02-01 00:00:00","typescript","2831"
"2022-03-01 00:00:00","ada","6"
"2022-03-01 00:00:00","assembly","232"
"2022-03-01 00:00:00","awk","145"
"2022-03-01 00:00:00","bash","904"
"2022-03-01 00:00:00","basic","7"
"2022-03-01 00:00:00","c","1938"
"2022-03-01 00:00:00","c#","5637"
"2022-03-01 00:00:00","c++","3490"
"2022-03-01 00:00:00","clojure","46"
"2022-03-01 00:00:00","cobol","12"
"2022-03-01 00:00:00","coffeescript","3"
"2022-03-01 00:00:00","curl","161"
"2022-03-01 00:00:00","delphi","119"
"2022-03-01 00:00:00","fortran","49"
"2022-03-01 00:00:00","go","755"
"2022-03-01 00:00:00","groovy","152"
"2022-03-01 00:00:00","haskell","152"
"2022-03-01 00:00:00","java","6526"
"2022-03-01 00:00:00","javascript","13489"
"2022-03-01 00:00:00","julia","132"
"2022-03-01 00:00:00","kotlin","1393"
"2022-03-01 00:00:00","matlab","191"
"2022-03-01 00:00:00","objective-c","81"
"2022-03-01 00:00:00","pascal","17"
"2022-03-01 00:00:00","perl","103"
"2022-03-01 00:00:00","php","3113"
"2022-03-01 00:00:00","prolog","54"
"2022-03-01 00:00:00","python","20594"
"2022-03-01 00:00:00","r","4476"
"2022-03-01 00:00:00","ruby","442"
"2022-03-01 00:00:00","rust","556"
"2022-03-01 00:00:00","scala","355"
"2022-03-01 00:00:00","sql","3439"
"2022-03-01 00:00:00","typescript","3034"
"2022-04-01 00:00:00","ada","11"
"2022-04-01 00:00:00","assembly","247"
"2022-04-01 00:00:00","awk","133"
"2022-04-01 00:00:00","bash","905"
"2022-04-01 00:00:00","basic","2"
"2022-04-01 00:00:00","c","1733"
"2022-04-01 00:00:00","c#","5168"
"2022-04-01 00:00:00","c++","3450"
"2022-04-01 00:00:00","clojure","27"
"2022-04-01 00:00:00","cobol","5"
"2022-04-01 00:00:00","coffeescript","4"
"2022-04-01 00:00:00","curl","152"
"2022-04-01 00:00:00","delphi","112"
"2022-04-01 00:00:00","fortran","52"
"2022-04-01 00:00:00","go","707"
"2022-04-01 00:00:00","groovy","110"
"2022-04-01 00:00:00","haskell","162"
"2022-04-01 00:00:00","java","6318"
"2022-04-01 00:00:00","javascript","13383"
"2022-04-01 00:00:00","julia","114"
"2022-04-01 00:00:00","kotlin","1303"
"2022-04-01 00:00:00","matlab","186"
"2022-04-01 00:00:00","objective-c","115"
"2022-04-01 00:00:00","pascal","7"
"2022-04-01 00:00:00","perl","100"
"2022-04-01 00:00:00","php","3161"
"2022-04-01 00:00:00","prolog","71"
"2022-04-01 00:00:00","python","19729"
"2022-04-01 00:00:00","r","4173"
"2022-04-01 00:00:00","ruby","431"
"2022-04-01 00:00:00","rust","560"
"2022-04-01 00:00:00","scala","329"
"2022-04-01 00:00:00","sql","3229"
"2022-04-01 00:00:00","typescript","2692"
"2022-05-01 00:00:00","ada","12"
"2022-05-01 00:00:00","assembly","254"
"2022-05-01 00:00:00","awk","152"
"2022-05-01 00:00:00","bash","810"
"2022-05-01 00:00:00","basic","4"
"2022-05-01 00:00:00","c","1760"
"2022-05-01 00:00:00","c#","5466"
"2022-05-01 00:00:00","c++","3507"
"2022-05-01 00:00:00","clojure","36"
"2022-05-01 00:00:00","cobol","8"
"2022-05-01 00:00:00","coffeescript","4"
"2022-05-01 00:00:00","curl","166"
"2022-05-01 00:00:00","delphi","119"
"2022-05-01 00:00:00","fortran","55"
"2022-05-01 00:00:00","go","602"
"2022-05-01 00:00:00","groovy","126"
"2022-05-01 00:00:00","haskell","165"
"2022-05-01 00:00:00","java","6427"
"2022-05-01 00:00:00","javascript","13214"
"2022-05-01 00:00:00","julia","138"
"2022-05-01 00:00:00","kotlin","1274"
"2022-05-01 00:00:00","matlab","213"
"2022-05-01 00:00:00","objective-c","84"
"2022-05-01 00:00:00","pascal","16"
"2022-05-01 00:00:00","perl","90"
"2022-05-01 00:00:00","php","3350"
"2022-05-01 00:00:00","prolog","63"
"2022-05-01 00:00:00","python","19274"
"2022-05-01 00:00:00","r","4131"
"2022-05-01 00:00:00","ruby","435"
"2022-05-01 00:00:00","rust","599"
"2022-05-01 00:00:00","scala","325"
"2022-05-01 00:00:00","sql","3315"
"2022-05-01 00:00:00","typescript","2777"
"2022-06-01 00:00:00","ada","9"
"2022-06-01 00:00:00","assembly","237"
"2022-06-01 00:00:00","awk","131"
"2022-06-01 00:00:00","bash","798"
"2022-06-01 00:00:00","basic","4"
"2022-06-01 00:00:00","c","1553"
"2022-06-01 00:00:00","c#","5280"
"2022-06-01 00:00:00","c++","3060"
"2022-06-01 00:00:00","clojure","42"
"2022-06-01 00:00:00","cobol","6"
"2022-06-01 00:00:00","coffeescript","3"
"2022-06-01 00:00:00","curl","160"
"2022-06-01 00:00:00","delphi","110"
"2022-06-01 00:00:00","fortran","56"
"2022-06-01 00:00:00","go","674"
"2022-06-01 00:00:00","groovy","140"
"2022-06-01 00:00:00","haskell","131"
"2022-06-01 00:00:00","java","5682"
"2022-06-01 00:00:00","javascript","12544"
"2022-06-01 00:00:00","julia","140"
"2022-06-01 00:00:00","kotlin","1310"
"2022-06-01 00:00:00","matlab","156"
"2022-06-01 00:00:00","objective-c","93"
"2022-06-01 00:00:00","pascal","7"
"2022-06-01 00:00:00","perl","123"
"2022-06-01 00:00:00","php","3180"
"2022-06-01 00:00:00","prolog","53"
"2022-06-01 00:00:00","python","18648"
"2022-06-01 00:00:00","r","3886"
"2022-06-01 00:00:00","ruby","423"
"2022-06-01 00:00:00","rust","668"
"2022-06-01 00:00:00","scala","285"
"2022-06-01 00:00:00","sql","3122"
"2022-06-01 00:00:00","typescript","2839"
"2022-07-01 00:00:00","ada","11"
"2022-07-01 00:00:00","assembly","203"
"2022-07-01 00:00:00","awk","132"
"2022-07-01 00:00:00","bash","851"
"2022-07-01 00:00:00","basic","4"
"2022-07-01 00:00:00","c","1375"
"2022-07-01 00:00:00","c#","5201"
"2022-07-01 00:00:00","c++","2970"
"2022-07-01 00:00:00","clojure","30"
"2022-07-01 00:00:00","cobol","4"
"2022-07-01 00:00:00","coffeescript","2"
"2022-07-01 00:00:00","curl","161"
"2022-07-01 00:00:00","delphi","117"
"2022-07-01 00:00:00","fortran","47"
"2022-07-01 00:00:00","go","678"
"2022-07-01 00:00:00","groovy","100"
"2022-07-01 00:00:00","haskell","157"
"2022-07-01 00:00:00","java","5368"
"2022-07-01 00:00:00","javascript","12653"
"2022-07-01 00:00:00","julia","153"
"2022-07-01 00:00:00","kotlin","1381"
"2022-07-01 00:00:00","matlab","151"
"2022-07-01 00:00:00","objective-c","85"
"2022-07-01 00:00:00","pascal","5"
"2022-07-01 00:00:00","perl","125"
"2022-07-01 00:00:00","php","3070"
"2022-07-01 00:00:00","prolog","37"
"2022-07-01 00:00:00","python","18922"
"2022-07-01 00:00:00","r","3650"
"2022-07-01 00:00:00","ruby","403"
"2022-07-01 00:00:00","rust","623"
"2022-07-01 00:00:00","scala","306"
"2022-07-01 00:00:00","sql","2950"
"2022-07-01 00:00:00","typescript","2916"
"2022-08-01 00:00:00","ada","5"
"2022-08-01 00:00:00","assembly","162"
"2022-08-01 00:00:00","awk","155"
"2022-08-01 00:00:00","bash","786"
"2022-08-01 00:00:00","basic","3"
"2022-08-01 00:00:00","c","1426"
"2022-08-01 00:00:00","c#","5451"
"2022-08-01 00:00:00","c++","2930"
"2022-08-01 00:00:00","clojure","31"
"2022-08-01 00:00:00","cobol","4"
"2022-08-01 00:00:00","coffeescript","1"
"2022-08-01 00:00:00","curl","175"
"2022-08-01 00:00:00","delphi","115"
"2022-08-01 00:00:00","fortran","54"
"2022-08-01 00:00:00","go","786"
"2022-08-01 00:00:00","groovy","133"
"2022-08-01 00:00:00","haskell","117"
"2022-08-01 00:00:00","java","5265"
"2022-08-01 00:00:00","javascript","12978"
"2022-08-01 00:00:00","julia","123"
"2022-08-01 00:00:00","kotlin","1432"
"2022-08-01 00:00:00","matlab","194"
"2022-08-01 00:00:00","objective-c","83"
"2022-08-01 00:00:00","pascal","11"
"2022-08-01 00:00:00","perl","116"
"2022-08-01 00:00:00","php","3101"
"2022-08-01 00:00:00","prolog","26"
"2022-08-01 00:00:00","python","18563"
"2022-08-01 00:00:00","r","3775"
"2022-08-01 00:00:00","ruby","424"
"2022-08-01 00:00:00","rust","757"
"2022-08-01 00:00:00","scala","295"
"2022-08-01 00:00:00","sql","3094"
"2022-08-01 00:00:00","typescript","3040"
"2022-09-01 00:00:00","ada","7"
"2022-09-01 00:00:00","assembly","174"
"2022-09-01 00:00:00","awk","135"
"2022-09-01 00:00:00","bash","689"
"2022-09-01 00:00:00","basic","4"
"2022-09-01 00:00:00","c","1543"
"2022-09-01 00:00:00","c#","4961"
"2022-09-01 00:00:00","c++","2764"
"2022-09-01 00:00:00","clojure","36"
"2022-09-01 00:00:00","cobol","7"
"2022-09-01 00:00:00","coffeescript","1"
"2022-09-01 00:00:00","curl","141"
"2022-09-01 00:00:00","delphi","134"
"2022-09-01 00:00:00","fortran","51"
"2022-09-01 00:00:00","go","783"
"2022-09-01 00:00:00","groovy","135"
"2022-09-01 00:00:00","haskell","153"
"2022-09-01 00:00:00","java","5011"
"2022-09-01 00:00:00","javascript","11819"
"2022-09-01 00:00:00","julia","110"
"2022-09-01 00:00:00","kotlin","1220"
"2022-09-01 00:00:00","matlab","170"
"2022-09-01 00:00:00","objective-c","83"
"2022-09-01 00:00:00","pascal","5"
"2022-09-01 00:00:00","perl","82"
"2022-09-01 00:00:00","php","2822"
"2022-09-01 00:00:00","prolog","29"
"2022-09-01 00:00:00","python","16985"
"2022-09-01 00:00:00","r","3529"
"2022-09-01 00:00:00","ruby","399"
"2022-09-01 00:00:00","rust","625"
"2022-09-01 00:00:00","scala","280"
"2022-09-01 00:00:00","sql","2979"
"2022-09-01 00:00:00","typescript","2849"
"2022-10-01 00:00:00","ada","16"
"2022-10-01 00:00:00","assembly","223"
"2022-10-01 00:00:00","awk","147"
"2022-10-01 00:00:00","bash","749"
"2022-10-01 00:00:00","basic","4"
"2022-10-01 00:00:00","c","1879"
"2022-10-01 00:00:00","c#","5009"
"2022-10-01 00:00:00","c++","2916"
"2022-10-01 00:00:00","clojure","38"
"2022-10-01 00:00:00","cobol","3"
"2022-10-01 00:00:00","curl","152"
"2022-10-01 00:00:00","delphi","137"
"2022-10-01 00:00:00","fortran","40"
"2022-10-01 00:00:00","go","676"
"2022-10-01 00:00:00","groovy","111"
"2022-10-01 00:00:00","haskell","174"
"2022-10-01 00:00:00","java","5251"
"2022-10-01 00:00:00","javascript","11556"
"2022-10-01 00:00:00","julia","113"
"2022-10-01 00:00:00","kotlin","1252"
"2022-10-01 00:00:00","matlab","167"
"2022-10-01 00:00:00","objective-c","82"
"2022-10-01 00:00:00","pascal","15"
"2022-10-01 00:00:00","perl","80"
"2022-10-01 00:00:00","php","2752"
"2022-10-01 00:00:00","prolog","48"
"2022-10-01 00:00:00","python","18396"
"2022-10-01 00:00:00","r","3904"
"2022-10-01 00:00:00","ruby","372"
"2022-10-01 00:00:00","rust","697"
"2022-10-01 00:00:00","scala","292"
"2022-10-01 00:00:00","sql","3016"
"2022-10-01 00:00:00","typescript","2737"
"2022-11-01 00:00:00","ada","11"
"2022-11-01 00:00:00","assembly","267"
"2022-11-01 00:00:00","awk","146"
"2022-11-01 00:00:00","bash","781"
"2022-11-01 00:00:00","basic","2"
"2022-11-01 00:00:00","c","1995"
"2022-11-01 00:00:00","c#","5147"
"2022-11-01 00:00:00","c++","2947"
"2022-11-01 00:00:00","clojure","28"
"2022-11-01 00:00:00","cobol","8"
"2022-11-01 00:00:00","coffeescript","1"
"2022-11-01 00:00:00","curl","160"
"2022-11-01 00:00:00","delphi","107"
"2022-11-01 00:00:00","fortran","48"
"2022-11-01 00:00:00","go","693"
"2022-11-01 00:00:00","groovy","149"
"2022-11-01 00:00:00","haskell","237"
"2022-11-01 00:00:00","java","5379"
"2022-11-01 00:00:00","javascript","11652"
"2022-11-01 00:00:00","julia","139"
"2022-11-01 00:00:00","kotlin","1291"
"2022-11-01 00:00:00","matlab","171"
"2022-11-01 00:00:00","objective-c","96"
"2022-11-01 00:00:00","pascal","9"
"2022-11-01 00:00:00","perl","107"
"2022-11-01 00:00:00","php","2771"
"2022-11-01 00:00:00","prolog","78"
"2022-11-01 00:00:00","python","18742"
"2022-11-01 00:00:00","r","3982"
"2022-11-01 00:00:00","ruby","412"
"2022-11-01 00:00:00","rust","724"
"2022-11-01 00:00:00","scala","293"
"2022-11-01 00:00:00","sql","3090"
"2022-11-01 00:00:00","typescript","2869"
"2022-12-01 00:00:00","ada","16"
"2022-12-01 00:00:00","assembly","258"
"2022-12-01 00:00:00","awk","108"
"2022-12-01 00:00:00","bash","691"
"2022-12-01 00:00:00","basic","3"
"2022-12-01 00:00:00","c","1717"
"2022-12-01 00:00:00","c#","4640"
"2022-12-01 00:00:00","c++","2601"
"2022-12-01 00:00:00","clojure","23"
"2022-12-01 00:00:00","cobol","6"
"2022-12-01 00:00:00","curl","116"
"2022-12-01 00:00:00","delphi","81"
"2022-12-01 00:00:00","fortran","24"
"2022-12-01 00:00:00","go","597"
"2022-12-01 00:00:00","groovy","112"
"2022-12-01 00:00:00","haskell","157"
"2022-12-01 00:00:00","java","4774"
"2022-12-01 00:00:00","javascript","10203"
"2022-12-01 00:00:00","julia","172"
"2022-12-01 00:00:00","kotlin","1161"
"2022-12-01 00:00:00","matlab","138"
"2022-12-01 00:00:00","objective-c","56"
"2022-12-01 00:00:00","pascal","17"
"2022-12-01 00:00:00","perl","94"
"2022-12-01 00:00:00","php","2353"
"2022-12-01 00:00:00","prolog","58"
"2022-12-01 00:00:00","python","15763"
"2022-12-01 00:00:00","r","3203"
"2022-12-01 00:00:00","ruby","341"
"2022-12-01 00:00:00","rust","729"
"2022-12-01 00:00:00","scala","272"
"2022-12-01 00:00:00","sql","2531"
"2022-12-01 00:00:00","typescript","2701"
"2023-01-01 00:00:00","ada","8"
"2023-01-01 00:00:00","assembly","224"
"2023-01-01 00:00:00","awk","128"
"2023-01-01 00:00:00","bash","697"
"2023-01-01 00:00:00","basic","3"
"2023-01-01 00:00:00","c","1430"
"2023-01-01 00:00:00","c#","4681"
"2023-01-01 00:00:00","c++","2401"
"2023-01-01 00:00:00","clojure","26"
"2023-01-01 00:00:00","cobol","4"
"2023-01-01 00:00:00","coffeescript","6"
"2023-01-01 00:00:00","curl","129"
"2023-01-01 00:00:00","delphi","107"
"2023-01-01 00:00:00","fortran","45"
"2023-01-01 00:00:00","go","686"
"2023-01-01 00:00:00","groovy","132"
"2023-01-01 00:00:00","haskell","126"
"2023-01-01 00:00:00","java","4666"
"2023-01-01 00:00:00","javascript","9975"
"2023-01-01 00:00:00","julia","113"
"2023-01-01 00:00:00","kotlin","1221"
"2023-01-01 00:00:00","matlab","122"
"2023-01-01 00:00:00","objective-c","54"
"2023-01-01 00:00:00","pascal","12"
"2023-01-01 00:00:00","perl","71"
"2023-01-01 00:00:00","php","2523"
"2023-01-01 00:00:00","prolog","45"
"2023-01-01 00:00:00","python","14890"
"2023-01-01 00:00:00","r","3251"
"2023-01-01 00:00:00","ruby","326"
"2023-01-01 00:00:00","rust","743"
"2023-01-01 00:00:00","scala","229"
"2023-01-01 00:00:00","sql","2490"
"2023-01-01 00:00:00","typescript","2708"
"2023-02-01 00:00:00","ada","6"
"2023-02-01 00:00:00","assembly","169"
"2023-02-01 00:00:00","awk","108"
"2023-02-01 00:00:00","bash","614"
"2023-02-01 00:00:00","basic","2"
"2023-02-01 00:00:00","c","1226"
"2023-02-01 00:00:00","c#","4100"
"2023-02-01 00:00:00","c++","2030"
"2023-02-01 00:00:00","clojure","12"
"2023-02-01 00:00:00","cobol","10"
"2023-02-01 00:00:00","curl","136"
"2023-02-01 00:00:00","delphi","121"
"2023-02-01 00:00:00","fortran","56"
"2023-02-01 00:00:00","go","617"
"2023-02-01 00:00:00","groovy","107"
"2023-02-01 00:00:00","haskell","98"
"2023-02-01 00:00:00","java","4073"
"2023-02-01 00:00:00","javascript","8437"
"2023-02-01 00:00:00","julia","94"
"2023-02-01 00:00:00","kotlin","1062"
"2023-02-01 00:00:00","matlab","118"
"2023-02-01 00:00:00","objective-c","55"
"2023-02-01 00:00:00","pascal","17"
"2023-02-01 00:00:00","perl","78"
"2023-02-01 00:00:00","php","2008"
"2023-02-01 00:00:00","prolog","16"
"2023-02-01 00:00:00","python","12962"
"2023-02-01 00:00:00","r","3258"
"2023-02-01 00:00:00","ruby","312"
"2023-02-01 00:00:00","rust","653"
"2023-02-01 00:00:00","scala","218"
"2023-02-01 00:00:00","sql","2182"
"2023-02-01 00:00:00","typescript","2458"
"2023-03-01 00:00:00","ada","12"
"2023-03-01 00:00:00","assembly","160"
"2023-03-01 00:00:00","awk","95"
"2023-03-01 00:00:00","bash","566"
"2023-03-01 00:00:00","basic","2"
"2023-03-01 00:00:00","c","1178"
"2023-03-01 00:00:00","c#","4221"
"2023-03-01 00:00:00","c++","2322"
"2023-03-01 00:00:00","clojure","11"
"2023-03-01 00:00:00","cobol","16"
"2023-03-01 00:00:00","coffeescript","2"
"2023-03-01 00:00:00","curl","145"
"2023-03-01 00:00:00","delphi","120"
"2023-03-01 00:00:00","fortran","47"
"2023-03-01 00:00:00","go","594"
"2023-03-01 00:00:00","groovy","124"
"2023-03-01 00:00:00","haskell","110"
"2023-03-01 00:00:00","java","4429"
"2023-03-01 00:00:00","javascript","8426"
"2023-03-01 00:00:00","julia","116"
"2023-03-01 00:00:00","kotlin","1052"
"2023-03-01 00:00:00","matlab","135"
"2023-03-01 00:00:00","objective-c","59"
"2023-03-01 00:00:00","pascal","7"
"2023-03-01 00:00:00","perl","93"
"2023-03-01 00:00:00","php","1880"
"2023-03-01 00:00:00","prolog","28"
"2023-03-01 00:00:00","python","12722"
"2023-03-01 00:00:00","r","3275"
"2023-03-01 00:00:00","ruby","263"
"2023-03-01 00:00:00","rust","673"
"2023-03-01 00:00:00","scala","220"
"2023-03-01 00:00:00","sql","2333"
"2023-03-01 00:00:00","typescript","2460"
"2023-04-01 00:00:00","ada","4"
"2023-04-01 00:00:00","assembly","177"
"2023-04-01 00:00:00","awk","92"
"2023-04-01 00:00:00","bash","430"
"2023-04-01 00:00:00","basic","6"
"2023-04-01 00:00:00","c","1092"
"2023-04-01 00:00:00","c#","3294"
"2023-04-01 00:00:00","c++","1763"
"2023-04-01 00:00:00","clojure","27"
"2023-04-01 00:00:00","cobol","9"
"2023-04-01 00:00:00","curl","87"
"2023-04-01 00:00:00","delphi","113"
"2023-04-01 00:00:00","fortran","46"
"2023-04-01 00:00:00","go","477"
"2023-04-01 00:00:00","groovy","72"
"2023-04-01 00:00:00","haskell","89"
"2023-04-01 00:00:00","java","3562"
"2023-04-01 00:00:00","javascript","6515"
"2023-04-01 00:00:00","julia","79"
"2023-04-01 00:00:00","kotlin","938"
"2023-04-01 00:00:00","matlab","120"
"2023-04-01 00:00:00","objective-c","40"
"2023-04-01 00:00:00","pascal","11"
"2023-04-01 00:00:00","perl","55"
"2023-04-01 00:00:00","php","1580"
"2023-04-01 00:00:00","prolog","21"
"2023-04-01 00:00:00","python","9994"
"2023-04-01 00:00:00","r","2571"
"2023-04-01 00:00:00","ruby","198"
"2023-04-01 00:00:00","rust","488"
"2023-04-01 00:00:00","scala","201"
"2023-04-01 00:00:00","sql","1619"
"2023-04-01 00:00:00","typescript","1955"
"2023-05-01 00:00:00","ada","5"
"2023-05-01 00:00:00","assembly","158"
"2023-05-01 00:00:00","awk","77"
"2023-05-01 00:00:00","bash","429"
"2023-05-01 00:00:00","basic","1"
"2023-05-01 00:00:00","c","977"
"2023-05-01 00:00:00","c#","3218"
"2023-05-01 00:00:00","c++","1625"
"2023-05-01 00:00:00","clojure","21"
"2023-05-01 00:00:00","cobol","8"
"2023-05-01 00:00:00","coffeescript","1"
"2023-05-01 00:00:00","curl","74"
"2023-05-01 00:00:00","delphi","100"
"2023-05-01 00:00:00","fortran","33"
"2023-05-01 00:00:00","go","390"
"2023-05-01 00:00:00","groovy","84"
"2023-05-01 00:00:00","haskell","68"
"2023-05-01 00:00:00","java","3289"
"2023-05-01 00:00:00","javascript","6096"
"2023-05-01 00:00:00","julia","102"
"2023-05-01 00:00:00","kotlin","939"
"2023-05-01 00:00:00","matlab","105"
"2023-05-01 00:00:00","objective-c","60"
"2023-05-01 00:00:00","pascal","6"
"2023-05-01 00:00:00","perl","52"
"2023-05-01 00:00:00","php","1606"
"2023-05-01 00:00:00","prolog","18"
"2023-05-01 00:00:00","python","9495"
"2023-05-01 00:00:00","r","2346"
"2023-05-01 00:00:00","ruby","222"
"2023-05-01 00:00:00","rust","559"
"2023-05-01 00:00:00","scala","161"
"2023-05-01 00:00:00","sql","1588"
"2023-05-01 00:00:00","typescript","1871"
"2023-06-01 00:00:00","ada","6"
"2023-06-01 00:00:00","assembly","139"
"2023-06-01 00:00:00","awk","67"
"2023-06-01 00:00:00","bash","350"
"2023-06-01 00:00:00","basic","1"
"2023-06-01 00:00:00","c","813"
"2023-06-01 00:00:00","c#","3232"
"2023-06-01 00:00:00","c++","1641"
"2023-06-01 00:00:00","clojure","14"
"2023-06-01 00:00:00","cobol","7"
"2023-06-01 00:00:00","coffeescript","1"
"2023-06-01 00:00:00","curl","95"
"2023-06-01 00:00:00","delphi","107"
"2023-06-01 00:00:00","fortran","36"
"2023-06-01 00:00:00","go","494"
"2023-06-01 00:00:00","groovy","62"
"2023-06-01 00:00:00","haskell","67"
"2023-06-01 00:00:00","java","3305"
"2023-06-01 00:00:00","javascript","5840"
"2023-06-01 00:00:00","julia","74"
"2023-06-01 00:00:00","kotlin","843"
"2023-06-01 00:00:00","matlab","114"
"2023-06-01 00:00:00","objective-c","36"
"2023-06-01 00:00:00","pascal","4"
"2023-06-01 00:00:00","perl","54"
"2023-06-01 00:00:00","php","1550"
"2023-06-01 00:00:00","prolog","16"
"2023-06-01 00:00:00","python","9024"
"2023-06-01 00:00:00","r","2201"
"2023-06-01 00:00:00","ruby","190"
"2023-06-01 00:00:00","rust","432"
"2023-06-01 00:00:00","scala","136"
"2023-06-01 00:00:00","sql","1591"
"2023-06-01 00:00:00","typescript","1708"
"2023-07-01 00:00:00","ada","8"
"2023-07-01 00:00:00","assembly","150"
"2023-07-01 00:00:00","awk","66"
"2023-07-01 00:00:00","bash","363"
"2023-07-01 00:00:00","basic","1"
"2023-07-01 00:00:00","c","838"
"2023-07-01 00:00:00","c#","3269"
"2023-07-01 00:00:00","c++","1656"
"2023-07-01 00:00:00","clojure","9"
"2023-07-01 00:00:00","cobol","10"
"2023-07-01 00:00:00","coffeescript","1"
"2023-07-01 00:00:00","curl","88"
"2023-07-01 00:00:00","delphi","92"
"2023-07-01 00:00:00","fortran","39"
"2023-07-01 00:00:00","go","488"
"2023-07-01 00:00:00","groovy","59"
"2023-07-01 00:00:00","haskell","58"
"2023-07-01 00:00:00","java","3136"
"2023-07-01 00:00:00","javascript","5892"
"2023-07-01 00:00:00","julia","83"
"2023-07-01 00:00:00","kotlin","771"
"2023-07-01 00:00:00","matlab","115"
"2023-07-01 00:00:00","objective-c","41"
"2023-07-01 00:00:00","pascal","3"
"2023-07-01 00:00:00","perl","65"
"2023-07-01 00:00:00","php","1442"
"2023-07-01 00:00:00","prolog","9"
"2023-07-01 00:00:00","python","8971"
"2023-07-01 00:00:00","r","2017"
"2023-07-01 00:00:00","ruby","200"
"2023-07-01 00:00:00","rust","527"
"2023-07-01 00:00:00","scala","144"
"2023-07-01 00:00:00","sql","1340"
"2023-07-01 00:00:00","typescript","1889"
"2023-08-01 00:00:00","ada","8"
"2023-08-01 00:00:00","assembly","135"
"2023-08-01 00:00:00","awk","76"
"2023-08-01 00:00:00","bash","394"
"2023-08-01 00:00:00","c","794"
"2023-08-01 00:00:00","c#","3087"
"2023-08-01 00:00:00","c++","1515"
"2023-08-01 00:00:00","clojure","18"
"2023-08-01 00:00:00","cobol","8"
"2023-08-01 00:00:00","curl","89"
"2023-08-01 00:00:00","delphi","94"
"2023-08-01 00:00:00","fortran","36"
"2023-08-01 00:00:00","go","461"
"2023-08-01 00:00:00","groovy","68"
"2023-08-01 00:00:00","haskell","80"
"2023-08-01 00:00:00","java","3038"
"2023-08-01 00:00:00","javascript","5213"
"2023-08-01 00:00:00","julia","104"
"2023-08-01 00:00:00","kotlin","863"
"2023-08-01 00:00:00","matlab","93"
"2023-08-01 00:00:00","objective-c","36"
"2023-08-01 00:00:00","pascal","6"
"2023-08-01 00:00:00","perl","48"
"2023-08-01 00:00:00","php","1502"
"2023-08-01 00:00:00","prolog","15"
"2023-08-01 00:00:00","python","8218"
"2023-08-01 00:00:00","r","1992"
"2023-08-01 00:00:00","ruby","175"
"2023-08-01 00:00:00","rust","482"
"2023-08-01 00:00:00","scala","163"
"2023-08-01 00:00:00","sql","1232"
"2023-08-01 00:00:00","typescript","1822"
"2023-09-01 00:00:00","ada","8"
"2023-09-01 00:00:00","assembly","136"
"2023-09-01 00:00:00","awk","59"
"2023-09-01 00:00:00","bash","381"
"2023-09-01 00:00:00","basic","7"
"2023-09-01 00:00:00","c","821"
"2023-09-01 00:00:00","c#","2651"
"2023-09-01 00:00:00","c++","1379"
"2023-09-01 00:00:00","clojure","10"
"2023-09-01 00:00:00","cobol","9"
"2023-09-01 00:00:00","coffeescript","1"
"2023-09-01 00:00:00","curl","84"
"2023-09-01 00:00:00","delphi","98"
"2023-09-01 00:00:00","fortran","36"
"2023-09-01 00:00:00","go","397"
"2023-09-01 00:00:00","groovy","69"
"2023-09-01 00:00:00","haskell","50"
"2023-09-01 00:00:00","java","2673"
"2023-09-01 00:00:00","javascript","4482"
"2023-09-01 00:00:00","julia","85"
"2023-09-01 00:00:00","kotlin","782"
"2023-09-01 00:00:00","matlab","91"
"2023-09-01 00:00:00","objective-c","27"
"2023-09-01 00:00:00","pascal","2"
"2023-09-01 00:00:00","perl","58"
"2023-09-01 00:00:00","php","1386"
"2023-09-01 00:00:00","prolog","9"
"2023-09-01 00:00:00","python","6947"
"2023-09-01 00:00:00","r","1737"
"2023-09-01 00:00:00","ruby","165"
"2023-09-01 00:00:00","rust","362"
"2023-09-01 00:00:00","scala","97"
"2023-09-01 00:00:00","sql","1183"
"2023-09-01 00:00:00","typescript","1618"
"2023-10-01 00:00:00","ada","10"
"2023-10-01 00:00:00","assembly","160"
"2023-10-01 00:00:00","awk","52"
"2023-10-01 00:00:00","bash","320"
"2023-10-01 00:00:00","basic","2"
"2023-10-01 00:00:00","c","884"
"2023-10-01 00:00:00","c#","2620"
"2023-10-01 00:00:00","c++","1545"
"2023-10-01 00:00:00","clojure","10"
"2023-10-01 00:00:00","cobol","3"
"2023-10-01 00:00:00","curl","72"
"2023-10-01 00:00:00","delphi","143"
"2023-10-01 00:00:00","fortran","23"
"2023-10-01 00:00:00","go","394"
"2023-10-01 00:00:00","groovy","63"
"2023-10-01 00:00:00","haskell","62"
"2023-10-01 00:00:00","java","2652"
"2023-10-01 00:00:00","javascript","4153"
"2023-10-01 00:00:00","julia","69"
"2023-10-01 00:00:00","kotlin","739"
"2023-10-01 00:00:00","matlab","91"
"2023-10-01 00:00:00","objective-c","28"
"2023-10-01 00:00:00","pascal","5"
"2023-10-01 00:00:00","perl","52"
"2023-10-01 00:00:00","php","1213"
"2023-10-01 00:00:00","prolog","16"
"2023-10-01 00:00:00","python","7083"
"2023-10-01 00:00:00","r","1726"
"2023-10-01 00:00:00","ruby","164"
"2023-10-01 00:00:00","rust","407"
"2023-10-01 00:00:00","scala","159"
"2023-10-01 00:00:00","sql","1132"
"2023-10-01 00:00:00","typescript","1427"
"2023-11-01 00:00:00","ada","7"
"2023-11-01 00:00:00","assembly","157"
"2023-11-01 00:00:00","awk","60"
"2023-11-01 00:00:00","bash","269"
"2023-11-01 00:00:00","basic","1"
"2023-11-01 00:00:00","c","892"
"2023-11-01 00:00:00","c#","2624"
"2023-11-01 00:00:00","c++","1322"
"2023-11-01 00:00:00","clojure","12"
"2023-11-01 00:00:00","cobol","6"
"2023-11-01 00:00:00","coffeescript","1"
"2023-11-01 00:00:00","curl","67"
"2023-11-01 00:00:00","delphi","97"
"2023-11-01 00:00:00","fortran","23"
"2023-11-01 00:00:00","go","381"
"2023-11-01 00:00:00","groovy","46"
"2023-11-01 00:00:00","haskell","68"
"2023-11-01 00:00:00","java","2584"
"2023-11-01 00:00:00","javascript","3995"
"2023-11-01 00:00:00","julia","56"
"2023-11-01 00:00:00","kotlin","755"
"2023-11-01 00:00:00","matlab","82"
"2023-11-01 00:00:00","objective-c","36"
"2023-11-01 00:00:00","pascal","3"
"2023-11-01 00:00:00","perl","44"
"2023-11-01 00:00:00","php","1187"
"2023-11-01 00:00:00","prolog","14"
"2023-11-01 00:00:00","python","6716"
"2023-11-01 00:00:00","r","1656"
"2023-11-01 00:00:00","ruby","132"
"2023-11-01 00:00:00","rust","392"
"2023-11-01 00:00:00","scala","98"
"2023-11-01 00:00:00","sql","1127"
"2023-11-01 00:00:00","typescript","1371"
"2023-12-01 00:00:00","ada","6"
"2023-12-01 00:00:00","assembly","167"
"2023-12-01 00:00:00","awk","32"
"2023-12-01 00:00:00","bash","225"
"2023-12-01 00:00:00","basic","2"
"2023-12-01 00:00:00","c","812"
"2023-12-01 00:00:00","c#","2250"
"2023-12-01 00:00:00","c++","1298"
"2023-12-01 00:00:00","clojure","9"
"2023-12-01 00:00:00","cobol","3"
"2023-12-01 00:00:00","coffeescript","1"
"2023-12-01 00:00:00","curl","46"
"2023-12-01 00:00:00","delphi","69"
"2023-12-01 00:00:00","fortran","29"
"2023-12-01 00:00:00","go","309"
"2023-12-01 00:00:00","groovy","46"
"2023-12-01 00:00:00","haskell","59"
"2023-12-01 00:00:00","java","2022"
"2023-12-01 00:00:00","javascript","3686"
"2023-12-01 00:00:00","julia","38"
"2023-12-01 00:00:00","kotlin","637"
"2023-12-01 00:00:00","matlab","68"
"2023-12-01 00:00:00","objective-c","36"
"2023-12-01 00:00:00","pascal","2"
"2023-12-01 00:00:00","perl","53"
"2023-12-01 00:00:00","php","987"
"2023-12-01 00:00:00","prolog","15"
"2023-12-01 00:00:00","python","5572"
"2023-12-01 00:00:00","r","1341"
"2023-12-01 00:00:00","ruby","129"
"2023-12-01 00:00:00","rust","411"
"2023-12-01 00:00:00","scala","82"
"2023-12-01 00:00:00","sql","924"
"2023-12-01 00:00:00","typescript","1202"
"2024-01-01 00:00:00","ada","5"
"2024-01-01 00:00:00","assembly","163"
"2024-01-01 00:00:00","awk","32"
"2024-01-01 00:00:00","bash","227"
"2024-01-01 00:00:00","basic","2"
"2024-01-01 00:00:00","c","787"
"2024-01-01 00:00:00","c#","2296"
"2024-01-01 00:00:00","c++","1431"
"2024-01-01 00:00:00","clojure","8"
"2024-01-01 00:00:00","cobol","13"
"2024-01-01 00:00:00","curl","53"
"2024-01-01 00:00:00","delphi","84"
"2024-01-01 00:00:00","fortran","17"
"2024-01-01 00:00:00","go","313"
"2024-01-01 00:00:00","groovy","48"
"2024-01-01 00:00:00","haskell","68"
"2024-01-01 00:00:00","java","2237"
"2024-01-01 00:00:00","javascript","3993"
"2024-01-01 00:00:00","julia","40"
"2024-01-01 00:00:00","kotlin","651"
"2024-01-01 00:00:00","matlab","73"
"2024-01-01 00:00:00","objective-c","27"
"2024-01-01 00:00:00","pascal","2"
"2024-01-01 00:00:00","perl","33"
"2024-01-01 00:00:00","php","1130"
"2024-01-01 00:00:00","prolog","8"
"2024-01-01 00:00:00","python","6169"
"2024-01-01 00:00:00","r","1552"
"2024-01-01 00:00:00","ruby","148"
"2024-01-01 00:00:00","rust","424"
"2024-01-01 00:00:00","scala","102"
"2024-01-01 00:00:00","sql","1012"
"2024-01-01 00:00:00","typescript","1311"
"2024-02-01 00:00:00","ada","3"
"2024-02-01 00:00:00","assembly","120"
"2024-02-01 00:00:00","awk","47"
"2024-02-01 00:00:00","bash","286"
"2024-02-01 00:00:00","basic","2"
"2024-02-01 00:00:00","c","727"
"2024-02-01 00:00:00","c#","2294"
"2024-02-01 00:00:00","c++","1319"
"2024-02-01 00:00:00","clojure","7"
"2024-02-01 00:00:00","cobol","7"
"2024-02-01 00:00:00","coffeescript","2"
"2024-02-01 00:00:00","curl","52"
"2024-02-01 00:00:00","delphi","102"
"2024-02-01 00:00:00","fortran","37"
"2024-02-01 00:00:00","go","285"
"2024-02-01 00:00:00","groovy","53"
"2024-02-01 00:00:00","haskell","65"
"2024-02-01 00:00:00","java","2202"
"2024-02-01 00:00:00","javascript","3637"
"2024-02-01 00:00:00","julia","49"
"2024-02-01 00:00:00","kotlin","633"
"2024-02-01 00:00:00","matlab","76"
"2024-02-01 00:00:00","objective-c","30"
"2024-02-01 00:00:00","pascal","7"
"2024-02-01 00:00:00","perl","36"
"2024-02-01 00:00:00","php","1055"
"2024-02-01 00:00:00","prolog","8"
"2024-02-01 00:00:00","python","6157"
"2024-02-01 00:00:00","r","1541"
"2024-02-01 00:00:00","ruby","136"
"2024-02-01 00:00:00","rust","383"
"2024-02-01 00:00:00","scala","121"
"2024-02-01 00:00:00","sql","1048"
"2024-02-01 00:00:00","typescript","1264"
"2024-03-01 00:00:00","ada","7"
"2024-03-01 00:00:00","assembly","135"
"2024-03-01 00:00:00","awk","45"
"2024-03-01 00:00:00","bash","270"
"2024-03-01 00:00:00","basic","1"
"2024-03-01 00:00:00","c","692"
"2024-03-01 00:00:00","c#","2267"
"2024-03-01 00:00:00","c++","1244"
"2024-03-01 00:00:00","clojure","9"
"2024-03-01 00:00:00","cobol","9"
"2024-03-01 00:00:00","coffeescript","1"
"2024-03-01 00:00:00","curl","69"
"2024-03-01 00:00:00","delphi","92"
"2024-03-01 00:00:00","fortran","28"
"2024-03-01 00:00:00","go","302"
"2024-03-01 00:00:00","groovy","39"
"2024-03-01 00:00:00","haskell","58"
"2024-03-01 00:00:00","java","2259"
"2024-03-01 00:00:00","javascript","3683"
"2024-03-01 00:00:00","julia","22"
"2024-03-01 00:00:00","kotlin","604"
"2024-03-01 00:00:00","matlab","55"
"2024-03-01 00:00:00","objective-c","31"
"2024-03-01 00:00:00","pascal","7"
"2024-03-01 00:00:00","perl","47"
"2024-03-01 00:00:00","php","1141"
"2024-03-01 00:00:00","prolog","13"
"2024-03-01 00:00:00","python","5899"
"2024-03-01 00:00:00","r","1442"
"2024-03-01 00:00:00","ruby","121"
"2024-03-01 00:00:00","rust","423"
"2024-03-01 00:00:00","scala","105"
"2024-03-01 00:00:00","sql","910"
"2024-03-01 00:00:00","typescript","1259"
"2024-04-01 00:00:00","ada","3"
"2024-04-01 00:00:00","assembly","170"
"2024-04-01 00:00:00","awk","44"
"2024-04-01 00:00:00","bash","203"
"2024-04-01 00:00:00","basic","1"
"2024-04-01 00:00:00","c","675"
"2024-04-01 00:00:00","c#","2276"
"2024-04-01 00:00:00","c++","1197"
"2024-04-01 00:00:00","clojure","6"
"2024-04-01 00:00:00","cobol","12"
"2024-04-01 00:00:00","curl","42"
"2024-04-01 00:00:00","delphi","101"
"2024-04-01 00:00:00","fortran","23"
"2024-04-01 00:00:00","go","290"
"2024-04-01 00:00:00","groovy","47"
"2024-04-01 00:00:00","haskell","64"
"2024-04-01 00:00:00","java","2048"
"2024-04-01 00:00:00","javascript","3250"
"2024-04-01 00:00:00","julia","26"
"2024-04-01 00:00:00","kotlin","594"
"2024-04-01 00:00:00","matlab","81"
"2024-04-01 00:00:00","objective-c","33"
"2024-04-01 00:00:00","pascal","2"
"2024-04-01 00:00:00","perl","25"
"2024-04-01 00:00:00","php","982"
"2024-04-01 00:00:00","prolog","21"
"2024-04-01 00:00:00","python","5796"
"2024-04-01 00:00:00","r","1335"
"2024-04-01 00:00:00","ruby","109"
"2024-04-01 00:00:00","rust","383"
"2024-04-01 00:00:00","scala","100"
"2024-04-01 00:00:00","sql","897"
"2024-04-01 00:00:00","typescript","1153"
"2024-05-01 00:00:00","ada","3"
"2024-05-01 00:00:00","assembly","149"
"2024-05-01 00:00:00","awk","41"
"2024-05-01 00:00:00","bash","226"
"2024-05-01 00:00:00","basic","1"
"2024-05-01 00:00:00","c","613"
"2024-05-01 00:00:00","c#","2048"
"2024-05-01 00:00:00","c++","1303"
"2024-05-01 00:00:00","clojure","8"
"2024-05-01 00:00:00","cobol","5"
"2024-05-01 00:00:00","coffeescript","1"
"2024-05-01 00:00:00","curl","58"
"2024-05-01 00:00:00","delphi","88"
"2024-05-01 00:00:00","fortran","23"
"2024-05-01 00:00:00","go","253"
"2024-05-01 00:00:00","groovy","31"
"2024-05-01 00:00:00","haskell","57"
"2024-05-01 00:00:00","java","1804"
"2024-05-01 00:00:00","javascript","3104"
"2024-05-01 00:00:00","julia","48"
"2024-05-01 00:00:00","kotlin","558"
"2024-05-01 00:00:00","matlab","79"
"2024-05-01 00:00:00","objective-c","30"
"2024-05-01 00:00:00","pascal","2"
"2024-05-01 00:00:00","perl","38"
"2024-05-01 00:00:00","php","933"
"2024-05-01 00:00:00","prolog","8"
"2024-05-01 00:00:00","python","5466"
"2024-05-01 00:00:00","r","1184"
"2024-05-01 00:00:00","ruby","98"
"2024-05-01 00:00:00","rust","323"
"2024-05-01 00:00:00","scala","88"
"2024-05-01 00:00:00","sql","868"
"2024-05-01 00:00:00","typescript","1076"
"2024-06-01 00:00:00","ada","6"
"2024-06-01 00:00:00","assembly","83"
"2024-06-01 00:00:00","awk","20"
"2024-06-01 00:00:00","bash","160"
"2024-06-01 00:00:00","basic","1"
"2024-06-01 00:00:00","c","503"
"2024-06-01 00:00:00","c#","1668"
"2024-06-01 00:00:00","c++","987"
"2024-06-01 00:00:00","clojure","3"
"2024-06-01 00:00:00","cobol","3"
"2024-06-01 00:00:00","curl","40"
"2024-06-01 00:00:00","delphi","63"
"2024-06-01 00:00:00","fortran","27"
"2024-06-01 00:00:00","go","214"
"2024-06-01 00:00:00","groovy","35"
"2024-06-01 00:00:00","haskell","36"
"2024-06-01 00:00:00","java","1409"
"2024-06-01 00:00:00","javascript","2267"
"2024-06-01 00:00:00","julia","26"
"2024-06-01 00:00:00","kotlin","440"
"2024-06-01 00:00:00","matlab","59"
"2024-06-01 00:00:00","objective-c","25"
"2024-06-01 00:00:00","pascal","1"
"2024-06-01 00:00:00","perl","29"
"2024-06-01 00:00:00","php","781"
"2024-06-01 00:00:00","prolog","5"
"2024-06-01 00:00:00","python","4203"
"2024-06-01 00:00:00","r","957"
"2024-06-01 00:00:00","ruby","92"
"2024-06-01 00:00:00","rust","287"
"2024-06-01 00:00:00","scala","65"
"2024-06-01 00:00:00","sql","661"
"2024-06-01 00:00:00","typescript","887"
"2024-07-01 00:00:00","ada","4"
"2024-07-01 00:00:00","assembly","87"
"2024-07-01 00:00:00","awk","19"
"2024-07-01 00:00:00","bash","143"
"2024-07-01 00:00:00","basic","1"
"2024-07-01 00:00:00","c","526"
"2024-07-01 00:00:00","c#","1757"
"2024-07-01 00:00:00","c++","1029"
"2024-07-01 00:00:00","clojure","8"
"2024-07-01 00:00:00","cobol","5"
"2024-07-01 00:00:00","curl","35"
"2024-07-01 00:00:00","delphi","53"
"2024-07-01 00:00:00","fortran","23"
"2024-07-01 00:00:00","go","238"
"2024-07-01 00:00:00","groovy","44"
"2024-07-01 00:00:00","haskell","47"
"2024-07-01 00:00:00","java","1249"
"2024-07-01 00:00:00","javascript","2195"
"2024-07-01 00:00:00","julia","16"
"2024-07-01 00:00:00","kotlin","442"
"2024-07-01 00:00:00","matlab","52"
"2024-07-01 00:00:00","objective-c","20"
"2024-07-01 00:00:00","pascal","1"
"2024-07-01 00:00:00","perl","32"
"2024-07-01 00:00:00","php","708"
"2024-07-01 00:00:00","prolog","5"
"2024-07-01 00:00:00","python","4138"
"2024-07-01 00:00:00","r","925"
"2024-07-01 00:00:00","ruby","85"
"2024-07-01 00:00:00","rust","261"
"2024-07-01 00:00:00","scala","75"
"2024-07-01 00:00:00","sql","668"
"2024-07-01 00:00:00","typescript","912"
"2024-08-01 00:00:00","ada","3"
"2024-08-01 00:00:00","assembly","106"
"2024-08-01 00:00:00","awk","22"
"2024-08-01 00:00:00","bash","123"
"2024-08-01 00:00:00","basic","1"
"2024-08-01 00:00:00","c","461"
"2024-08-01 00:00:00","c#","1587"
"2024-08-01 00:00:00","c++","952"
"2024-08-01 00:00:00","clojure","8"
"2024-08-01 00:00:00","cobol","4"
"2024-08-01 00:00:00","curl","41"
"2024-08-01 00:00:00","delphi","72"
"2024-08-01 00:00:00","fortran","15"
"2024-08-01 00:00:00","go","190"
"2024-08-01 00:00:00","groovy","24"
"2024-08-01 00:00:00","haskell","27"
"2024-08-01 00:00:00","java","1015"
"2024-08-01 00:00:00","javascript","1973"
"2024-08-01 00:00:00","julia","15"
"2024-08-01 00:00:00","kotlin","440"
"2024-08-01 00:00:00","matlab","42"
"2024-08-01 00:00:00","objective-c","13"
"2024-08-01 00:00:00","pascal","1"
"2024-08-01 00:00:00","perl","41"
"2024-08-01 00:00:00","php","660"
"2024-08-01 00:00:00","prolog","4"
"2024-08-01 00:00:00","python","3632"
"2024-08-01 00:00:00","r","778"
"2024-08-01 00:00:00","ruby","98"
"2024-08-01 00:00:00","rust","196"
"2024-08-01 00:00:00","scala","58"
"2024-08-01 00:00:00","sql","580"
"2024-08-01 00:00:00","typescript","820"
"2024-09-01 00:00:00","ada","4"
"2024-09-01 00:00:00","assembly","84"
"2024-09-01 00:00:00","awk","15"
"2024-09-01 00:00:00","bash","148"
"2024-09-01 00:00:00","basic","1"
"2024-09-01 00:00:00","c","436"
"2024-09-01 00:00:00","c#","1507"
"2024-09-01 00:00:00","c++","958"
"2024-09-01 00:00:00","clojure","9"
"2024-09-01 00:00:00","cobol","2"
"2024-09-01 00:00:00","curl","41"
"2024-09-01 00:00:00","delphi","65"
"2024-09-01 00:00:00","fortran","17"
"2024-09-01 00:00:00","go","151"
"2024-09-01 00:00:00","groovy","34"
"2024-09-01 00:00:00","haskell","28"
"2024-09-01 00:00:00","java","1225"
"2024-09-01 00:00:00","javascript","2042"
"2024-09-01 00:00:00","julia","22"
"2024-09-01 00:00:00","kotlin","472"
"2024-09-01 00:00:00","matlab","57"
"2024-09-01 00:00:00","objective-c","35"
"2024-09-01 00:00:00","perl","26"
"2024-09-01 00:00:00","php","585"
"2024-09-01 00:00:00","prolog","6"
"2024-09-01 00:00:00","python","3503"
"2024-09-01 00:00:00","r","735"
"2024-09-01 00:00:00","ruby","77"
"2024-09-01 00:00:00","rust","246"
"2024-09-01 00:00:00","scala","58"
"2024-09-01 00:00:00","sql","567"
"2024-09-01 00:00:00","typescript","858"
"2024-10-01 00:00:00","ada","4"
"2024-10-01 00:00:00","assembly","88"
"2024-10-01 00:00:00","awk","19"
"2024-10-01 00:00:00","bash","140"
"2024-10-01 00:00:00","basic","5"
"2024-10-01 00:00:00","c","460"
"2024-10-01 00:00:00","c#","1565"
"2024-10-01 00:00:00","c++","904"
"2024-10-01 00:00:00","clojure","8"
"2024-10-01 00:00:00","cobol","3"
"2024-10-01 00:00:00","curl","44"
"2024-10-01 00:00:00","delphi","83"
"2024-10-01 00:00:00","fortran","18"
"2024-10-01 00:00:00","go","176"
"2024-10-01 00:00:00","groovy","37"
"2024-10-01 00:00:00","haskell","27"
"2024-10-01 00:00:00","java","1485"
"2024-10-01 00:00:00","javascript","1837"
"2024-10-01 00:00:00","julia","30"
"2024-10-01 00:00:00","kotlin","464"
"2024-10-01 00:00:00","matlab","54"
"2024-10-01 00:00:00","objective-c","24"
"2024-10-01 00:00:00","pascal","4"
"2024-10-01 00:00:00","perl","21"
"2024-10-01 00:00:00","php","636"
"2024-10-01 00:00:00","prolog","4"
"2024-10-01 00:00:00","python","3409"
"2024-10-01 00:00:00","r","778"
"2024-10-01 00:00:00","ruby","62"
"2024-10-01 00:00:00","rust","256"
"2024-10-01 00:00:00","scala","53"
"2024-10-01 00:00:00","sql","482"
"2024-10-01 00:00:00","typescript","794"
"2024-11-01 00:00:00","ada","3"
"2024-11-01 00:00:00","assembly","97"
"2024-11-01 00:00:00","awk","20"
"2024-11-01 00:00:00","bash","120"
"2024-11-01 00:00:00","basic","4"
"2024-11-01 00:00:00","c","397"
"2024-11-01 00:00:00","c#","1329"
"2024-11-01 00:00:00","c++","836"
"2024-11-01 00:00:00","clojure","7"
"2024-11-01 00:00:00","cobol","1"
"2024-11-01 00:00:00","curl","41"
"2024-11-01 00:00:00","delphi","56"
"2024-11-01 00:00:00","fortran","19"
"2024-11-01 00:00:00","go","121"
"2024-11-01 00:00:00","groovy","18"
"2024-11-01 00:00:00","haskell","36"
"2024-11-01 00:00:00","java","1236"
"2024-11-01 00:00:00","javascript","1601"
"2024-11-01 00:00:00","julia","22"
"2024-11-01 00:00:00","kotlin","426"
"2024-11-01 00:00:00","matlab","41"
"2024-11-01 00:00:00","objective-c","19"
"2024-11-01 00:00:00","perl","20"
"2024-11-01 00:00:00","php","531"
"2024-11-01 00:00:00","prolog","8"
"2024-11-01 00:00:00","python","3054"
"2024-11-01 00:00:00","r","696"
"2024-11-01 00:00:00","ruby","75"
"2024-11-01 00:00:00","rust","210"
"2024-11-01 00:00:00","scala","58"
"2024-11-01 00:00:00","sql","413"
"2024-11-01 00:00:00","typescript","736"
"2024-12-01 00:00:00","ada","5"
"2024-12-01 00:00:00","assembly","90"
"2024-12-01 00:00:00","awk","29"
"2024-12-01 00:00:00","bash","89"
"2024-12-01 00:00:00","basic","2"
"2024-12-01 00:00:00","c","325"
"2024-12-01 00:00:00","c#","1078"
"2024-12-01 00:00:00","c++","682"
"2024-12-01 00:00:00","clojure","7"
"2024-12-01 00:00:00","cobol","3"
"2024-12-01 00:00:00","coffeescript","1"
"2024-12-01 00:00:00","curl","20"
"2024-12-01 00:00:00","delphi","42"
"2024-12-01 00:00:00","fortran","6"
"2024-12-01 00:00:00","go","114"
"2024-12-01 00:00:00","groovy","29"
"2024-12-01 00:00:00","haskell","48"
"2024-12-01 00:00:00","java","1157"
"2024-12-01 00:00:00","javascript","1366"
"2024-12-01 00:00:00","julia","19"
"2024-12-01 00:00:00","kotlin","360"
"2024-12-01 00:00:00","matlab","34"
"2024-12-01 00:00:00","objective-c","20"
"2024-12-01 00:00:00","pascal","1"
"2024-12-01 00:00:00","perl","24"
"2024-12-01 00:00:00","php","422"
"2024-12-01 00:00:00","prolog","3"
"2024-12-01 00:00:00","python","2660"
"2024-12-01 00:00:00","r","548"
"2024-12-01 00:00:00","ruby","52"
"2024-12-01 00:00:00","rust","232"
"2024-12-01 00:00:00","scala","43"
"2024-12-01 00:00:00","sql","357"
"2024-12-01 00:00:00","typescript","626"
"2025-01-01 00:00:00","ada","2"
"2025-01-01 00:00:00","assembly","68"
"2025-01-01 00:00:00","awk","9"
"2025-01-01 00:00:00","bash","89"
"2025-01-01 00:00:00","basic","6"
"2025-01-01 00:00:00","c","320"
"2025-01-01 00:00:00","c#","1109"
"2025-01-01 00:00:00","c++","684"
"2025-01-01 00:00:00","clojure","6"
"2025-01-01 00:00:00","cobol","5"
"2025-01-01 00:00:00","curl","32"
"2025-01-01 00:00:00","delphi","56"
"2025-01-01 00:00:00","fortran","15"
"2025-01-01 00:00:00","go","132"
"2025-01-01 00:00:00","groovy","23"
"2025-01-01 00:00:00","haskell","31"
"2025-01-01 00:00:00","java","1130"
"2025-01-01 00:00:00","javascript","1386"
"2025-01-01 00:00:00","julia","20"
"2025-01-01 00:00:00","kotlin","331"
"2025-01-01 00:00:00","matlab","27"
"2025-01-01 00:00:00","objective-c","19"
"2025-01-01 00:00:00","pascal","1"
"2025-01-01 00:00:00","perl","25"
"2025-01-01 00:00:00","php","502"
"2025-01-01 00:00:00","prolog","2"
"2025-01-01 00:00:00","python","2627"
"2025-01-01 00:00:00","r","518"
"2025-01-01 00:00:00","ruby","50"
"2025-01-01 00:00:00","rust","184"
"2025-01-01 00:00:00","scala","48"
"2025-01-01 00:00:00","sql","359"
"2025-01-01 00:00:00","typescript","647"
"2025-02-01 00:00:00","ada","2"
"2025-02-01 00:00:00","assembly","60"
"2025-02-01 00:00:00","awk","20"
"2025-02-01 00:00:00","bash","80"
"2025-02-01 00:00:00","c","272"
"2025-02-01 00:00:00","c#","973"
"2025-02-01 00:00:00","c++","575"
"2025-02-01 00:00:00","clojure","3"
"2025-02-01 00:00:00","cobol","1"
"2025-02-01 00:00:00","curl","36"
"2025-02-01 00:00:00","delphi","58"
"2025-02-01 00:00:00","fortran","12"
"2025-02-01 00:00:00","go","96"
"2025-02-01 00:00:00","groovy","26"
"2025-02-01 00:00:00","haskell","40"
"2025-02-01 00:00:00","java","905"
"2025-02-01 00:00:00","javascript","1122"
"2025-02-01 00:00:00","julia","11"
"2025-02-01 00:00:00","kotlin","313"
"2025-02-01 00:00:00","matlab","27"
"2025-02-01 00:00:00","objective-c","9"
"2025-02-01 00:00:00","pascal","2"
"2025-02-01 00:00:00","perl","15"
"2025-02-01 00:00:00","php","343"
"2025-02-01 00:00:00","prolog","5"
"2025-02-01 00:00:00","python","2148"
"2025-02-01 00:00:00","r","497"
"2025-02-01 00:00:00","ruby","50"
"2025-02-01 00:00:00","rust","176"
"2025-02-01 00:00:00","scala","60"
"2025-02-01 00:00:00","sql","285"
"2025-02-01 00:00:00","typescript","537"
"2025-03-01 00:00:00","ada","5"
"2025-03-01 00:00:00","assembly","59"
"2025-03-01 00:00:00","awk","13"
"2025-03-01 00:00:00","bash","83"
"2025-03-01 00:00:00","basic","2"
"2025-03-01 00:00:00","c","307"
"2025-03-01 00:00:00","c#","911"
"2025-03-01 00:00:00","c++","677"
"2025-03-01 00:00:00","clojure","3"
"2025-03-01 00:00:00","cobol","2"
"2025-03-01 00:00:00","curl","25"
"2025-03-01 00:00:00","delphi","53"
"2025-03-01 00:00:00","fortran","12"
"2025-03-01 00:00:00","go","96"
"2025-03-01 00:00:00","groovy","18"
"2025-03-01 00:00:00","haskell","23"
"2025-03-01 00:00:00","java","877"
"2025-03-01 00:00:00","javascript","1107"
"2025-03-01 00:00:00","julia","15"
"2025-03-01 00:00:00","kotlin","276"
"2025-03-01 00:00:00","matlab","33"
"2025-03-01 00:00:00","objective-c","20"
"2025-03-01 00:00:00","pascal","2"
"2025-03-01 00:00:00","perl","16"
"2025-03-01 00:00:00","php","330"
"2025-03-01 00:00:00","prolog","2"
"2025-03-01 00:00:00","python","2185"
"2025-03-01 00:00:00","r","481"
"2025-03-01 00:00:00","ruby","46"
"2025-03-01 00:00:00","rust","175"
"2025-03-01 00:00:00","scala","32"
"2025-03-01 00:00:00","sql","338"
"2025-03-01 00:00:00","typescript","490"
"2025-04-01 00:00:00","ada","2"
"2025-04-01 00:00:00","assembly","49"
"2025-04-01 00:00:00","awk","8"
"2025-04-01 00:00:00","bash","66"
"2025-04-01 00:00:00","c","202"
"2025-04-01 00:00:00","c#","646"
"2025-04-01 00:00:00","c++","506"
"2025-04-01 00:00:00","clojure","11"
"2025-04-01 00:00:00","cobol","3"
"2025-04-01 00:00:00","curl","21"
"2025-04-01 00:00:00","delphi","37"
"2025-04-01 00:00:00","fortran","14"
"2025-04-01 00:00:00","go","63"
"2025-04-01 00:00:00","groovy","17"
"2025-04-01 00:00:00","haskell","20"
"2025-04-01 00:00:00","java","774"
"2025-04-01 00:00:00","javascript","775"
"2025-04-01 00:00:00","julia","7"
"2025-04-01 00:00:00","kotlin","225"
"2025-04-01 00:00:00","matlab","28"
"2025-04-01 00:00:00","objective-c","5"
"2025-04-01 00:00:00","perl","15"
"2025-04-01 00:00:00","php","249"
"2025-04-01 00:00:00","prolog","1"
"2025-04-01 00:00:00","python","1699"
"2025-04-01 00:00:00","r","398"
"2025-04-01 00:00:00","ruby","31"
"2025-04-01 00:00:00","rust","145"
"2025-04-01 00:00:00","scala","26"
"2025-04-01 00:00:00","sql","211"
"2025-04-01 00:00:00","typescript","355"
"2025-05-01 00:00:00","assembly","34"
"2025-05-01 00:00:00","awk","6"
"2025-05-01 00:00:00","bash","53"
"2025-05-01 00:00:00","basic","2"
"2025-05-01 00:00:00","c","205"
"2025-05-01 00:00:00","c#","540"
"2025-05-01 00:00:00","c++","451"
"2025-05-01 00:00:00","clojure","6"
"2025-05-01 00:00:00","cobol","2"
"2025-05-01 00:00:00","curl","17"
"2025-05-01 00:00:00","delphi","35"
"2025-05-01 00:00:00","fortran","5"
"2025-05-01 00:00:00","go","53"
"2025-05-01 00:00:00","groovy","13"
"2025-05-01 00:00:00","haskell","32"
"2025-05-01 00:00:00","java","603"
"2025-05-01 00:00:00","javascript","627"
"2025-05-01 00:00:00","julia","7"
"2025-05-01 00:00:00","kotlin","184"
"2025-05-01 00:00:00","matlab","16"
"2025-05-01 00:00:00","objective-c","10"
"2025-05-01 00:00:00","pascal","3"
"2025-05-01 00:00:00","perl","16"
"2025-05-01 00:00:00","php","240"
"2025-05-01 00:00:00","prolog","4"
"2025-05-01 00:00:00","python","1405"
"2025-05-01 00:00:00","r","289"
"2025-05-01 00:00:00","ruby","28"
"2025-05-01 00:00:00","rust","142"
"2025-05-01 00:00:00","scala","32"
"2025-05-01 00:00:00","sql","198"
"2025-05-01 00:00:00","typescript","324"
"2025-06-01 00:00:00","ada","2"
"2025-06-01 00:00:00","assembly","38"
"2025-06-01 00:00:00","awk","7"
"2025-06-01 00:00:00","bash","59"
"2025-06-01 00:00:00","basic","2"
"2025-06-01 00:00:00","c","176"
"2025-06-01 00:00:00","c#","458"
"2025-06-01 00:00:00","c++","408"
"2025-06-01 00:00:00","clojure","2"
"2025-06-01 00:00:00","cobol","2"
"2025-06-01 00:00:00","curl","11"
"2025-06-01 00:00:00","delphi","33"
"2025-06-01 00:00:00","fortran","8"
"2025-06-01 00:00:00","go","49"
"2025-06-01 00:00:00","groovy","10"
"2025-06-01 00:00:00","haskell","23"
"2025-06-01 00:00:00","java","424"
"2025-06-01 00:00:00","javascript","482"
"2025-06-01 00:00:00","julia","8"
"2025-06-01 00:00:00","kotlin","151"
"2025-06-01 00:00:00","matlab","14"
"2025-06-01 00:00:00","objective-c","12"
"2025-06-01 00:00:00","perl","15"
"2025-06-01 00:00:00","php","171"
"2025-06-01 00:00:00","python","1066"
"2025-06-01 00:00:00","r","259"
"2025-06-01 00:00:00","ruby","27"
"2025-06-01 00:00:00","rust","100"
"2025-06-01 00:00:00","scala","26"
"2025-06-01 00:00:00","sql","149"
"2025-06-01 00:00:00","typescript","219"
"2025-07-01 00:00:00","ada","3"
"2025-07-01 00:00:00","assembly","35"
"2025-07-01 00:00:00","awk","10"
"2025-07-01 00:00:00","bash","38"
"2025-07-01 00:00:00","c","148"
"2025-07-01 00:00:00","c#","421"
"2025-07-01 00:00:00","c++","352"
"2025-07-01 00:00:00","clojure","5"
"2025-07-01 00:00:00","curl","6"
"2025-07-01 00:00:00","delphi","27"
"2025-07-01 00:00:00","fortran","10"
"2025-07-01 00:00:00","go","17"
"2025-07-01 00:00:00","groovy","8"
"2025-07-01 00:00:00","haskell","16"
"2025-07-01 00:00:00","java","391"
"2025-07-01 00:00:00","javascript","446"
"2025-07-01 00:00:00","julia","10"
"2025-07-01 00:00:00","kotlin","133"
"2025-07-01 00:00:00","matlab","14"
"2025-07-01 00:00:00","objective-c","8"
"2025-07-01 00:00:00","pascal","1"
"2025-07-01 00:00:00","perl","17"
"2025-07-01 00:00:00","php","110"
"2025-07-01 00:00:00","prolog","2"
"2025-07-01 00:00:00","python","981"
"2025-07-01 00:00:00","r","213"
"2025-07-01 00:00:00","ruby","13"
"2025-07-01 00:00:00","rust","95"
"2025-07-01 00:00:00","scala","11"
"2025-07-01 00:00:00","sql","100"
"2025-07-01 00:00:00","typescript","189"
"2025-08-01 00:00:00","assembly","22"
"2025-08-01 00:00:00","awk","3"
"2025-08-01 00:00:00","bash","26"
"2025-08-01 00:00:00","basic","1"
"2025-08-01 00:00:00","c","129"
"2025-08-01 00:00:00","c#","359"
"2025-08-01 00:00:00","c++","336"
"2025-08-01 00:00:00","clojure","3"
"2025-08-01 00:00:00","cobol","2"
"2025-08-01 00:00:00","curl","5"
"2025-08-01 00:00:00","delphi","35"
"2025-08-01 00:00:00","fortran","2"
"2025-08-01 00:00:00","go","42"
"2025-08-01 00:00:00","groovy","2"
"2025-08-01 00:00:00","haskell","14"
"2025-08-01 00:00:00","java","313"
"2025-08-01 00:00:00","javascript","353"
"2025-08-01 00:00:00","julia","8"
"2025-08-01 00:00:00","kotlin","121"
"2025-08-01 00:00:00","matlab","14"
"2025-08-01 00:00:00","objective-c","7"
"2025-08-01 00:00:00","pascal","2"
"2025-08-01 00:00:00","perl","8"
"2025-08-01 00:00:00","php","111"
"2025-08-01 00:00:00","python","814"
"2025-08-01 00:00:00","r","175"
"2025-08-01 00:00:00","ruby","18"
"2025-08-01 00:00:00","rust","95"
"2025-08-01 00:00:00","scala","9"
"2025-08-01 00:00:00","sql","94"
"2025-08-01 00:00:00","typescript","206"